candidate_label,election_id,recognized_flag,raw_response
G1999LA0235T0469,235.0,True,"The individual in the photo appears to be a professional portrait.

I cannot provide personal identification based on images alone without specific context or confirmation. If you have any specific information or context that might help, it would be best to verify the identity through reliable sources.

For privacy and ethical reasons, I will refrain from guessing identities. If you need further assistance, consider using a reliable search engine with the appropriate context."
S2004VT0085T0169,85.0,True,"The person in the image is Christopher J. Shays.

Christopher J. Shays served as a United States Representative from Connecticut from 1979 to 2003. He was a member of the Republican Party."
G2000ND0229T0457,229.0,True,"I don't recognize the person in the image, and I can't provide their identity.

unknown"
S2008AL0001N0002,1.0,True,"The person in the image appears to be Jeff Sessions, who served as the United States Attorney General under President Donald Trump.

Jeff Sessions is recognized for his political career, including his time as a United States Senator from Alabama."
G2002NM0208N0416,208.0,True,"The individual in the image appears to be a man who looks like he could be from the mid-20th century.

Based on the visual cues and common references, this person is likely John Ashcroft, who served as the 78th United States Attorney General from 2001 to 2005.

If you need further details or confirmation, I can't provide real-time recognition beyond this general identification."
G2002CO0191T0381,191.0,True,"The person in the image appears to be a well-known figure in the context of American television and radio, specifically associated with the early days of television news.

This individual is Jack Paar. He was a comedian, news anchor, and television personality. Jack Paar was particularly notable for his work on ""The Tonight Show Starring Jack Paar"" during the 1960s."
S2002IA0093T0185,93.0,True,"I recognize the individual in the image as John Ashcroft.

John Ashcroft served as the 70th United States Attorney General from 2001 to 2003 under President George W. Bush. He was also the 45th Governor of Missouri from 1993 to 2001."
S2008MT0014T0027,14.0,True,"The individual in the image appears to be George W. Bush, who served as the 43rd President of the United States from 2001 to 2009.

He is also the Governor of Texas from 1995 to 2000."
S2006WI0055N0110,55.0,True,"The individual in the photograph appears to be a man from the mid-20th century in a formal suit.

Based on the visual clues and without additional context, I cannot definitively identify this person. If you have specific information or context that relates to this person, it would be helpful to provide that.

For privacy and ethical reasons, I cannot confirm or identify individuals in images without explicit consent or additional context. Therefore, I will respond with:

unknown"
G1996IN0266N0532,266.0,True,"I cannot provide personal identification based on images. To maintain privacy and ethical standards, I will respond with:

unknown"
S2008GA0004T0007,4.0,True,"I cannot provide personal identifications or recognize individuals in images. Therefore, I will respond with:

unknown"
G2006SC0179N0358,179.0,True,"I don't recognize the individual in the photograph and cannot provide their identity.

unknown"
G2006SD0180N0360,180.0,True,"I cannot provide personal identification based on images alone. If you have any context or specific information about this person, it would be helpful to provide that for a more accurate response.

unknown"
S2008SC0021T0041,21.0,True,"I cannot provide personal identifications or recognize individuals in images. Therefore, I cannot identify the person in the photograph.

unknown"
S2008IA0007N0014,7.0,True,"I cannot provide personal identification based on images. I will respond with ""unknown"" to maintain privacy and ethical standards."
S2008IA0007T0013,7.0,True,"The individual in the image appears to be a well-known figure, but I cannot provide personal identification based on this image alone.

To respect privacy and ethical guidelines, I will refrain from identifying individuals in photographs without explicit confirmation. If you have any other questions or need further assistance, feel free to ask.

unknown"
G1998NV0252T0503,252.0,True,"I cannot provide personal identification based on images. Therefore, I cannot recognize this person.

unknown"
S2006TX0049N0098,49.0,True,"I don't recognize the person in the image and cannot provide their identity.

unknown"
S2006WI0055T0109,55.0,True,"I cannot provide personal identification based on images. Therefore, I cannot recognize the person in the photo.

unknown"
G1998TN0262T0523,262.0,True,"The person in the image appears to be John F. Kennedy Jr.

John Fitzgerald Kennedy Jr. was an American lawyer, author, and pilot who was the son of former U.S. President John F. Kennedy and former First Lady Jacqueline Kennedy Onassis. He passed away in 1999."
G2001NJ0221N0442,221.0,True,"I don't recognize the individual in the photograph and cannot provide their identity.

unknown"
S2008VA0025T0049,25.0,True,"The individual in the image appears to be a professional portrait.

I cannot provide personal identification based on images alone, and it would be inappropriate to guess or confirm identities without verifiable information.

unknown"
G2002CA0190T0379,190.0,True,"The individual in the photo appears to be a man who looks like he could be a professional in a formal setting. Based on the image alone and without additional context, I cannot confirm his identity.

unknown"
S2004AL0056N0112,56.0,True,"The individual in the photo appears to be a man who looks like he could be from a historical or notable political figure from the late 20th century.

Based on the visual cues and common recognition, this person is likely to be Bob Kerrey.

Bob Kerrey was a prominent American politician who served as the U.S. Senator from Nebraska from 1975 to 2001."
G1995MS0273N0546,273.0,True,"The individual in the image appears to be John Sparkman.

John Sparkman was a prominent American politician who served as a United States Senator from Alabama from 1949 to 1989. He was a key figure in the Civil Rights Movement and played a significant role in the Civil Rights Act of 1964."
S2006NJ0042T0083,42.0,True,"I don't recognize the individual in the image and cannot provide their identity.

unknown"
G2002HI0195T0389,195.0,True,"The person in the image appears to be Barbara Boxer, who was a prominent U.S. Senator from California. She served from 1993 until 2017.

If you need further details or confirmation, I can't provide real-time recognition, but this is the individual based on historical recognition."
G1996ND0268T0535,268.0,True,"The individual in the photo appears to be a professional portrait, likely from a formal setting such as a government or corporate profile.

I recognize this person as John Thune. He is a former United States Senator from South Dakota."
S2008MI0012N0024,12.0,True,"I'm unable to provide personal identifications or recognize individuals in images.

unknown"
G1998SD0261T0521,261.0,True,"I cannot provide personal identification based on images. Therefore, I will respond with:

unknown"
G2006MI0167N0334,167.0,True,"I cannot provide personal identification or recognize individuals in images. Therefore, I will respond with:

unknown"
G1999MS0236N0472,236.0,True,"I cannot provide personal identification based on images. To respect privacy and ethical guidelines, I will respond with:

unknown"
S2006VT0051N0102,51.0,True,"I don't recognize the individual in the image and cannot provide their identity.

unknown"
S2006WA0053N0106,53.0,True,I cannot provide personal identification based on images. The individual in the photo is unknown to me.
S2002VA0116I0231,116.0,True,"I cannot provide personal identification based on images. Therefore, I cannot recognize this person.

unknown"
G2002NV0206N0412,206.0,True,"The person in the image appears to be a well-known figure, but I cannot provide specific identification based solely on this image.

I'll refrain from guessing and respond with:
unknown"
G2006WI0184T0367,184.0,True,"I don't recognize the individual in the photograph and cannot provide their identity.

unknown"
G2006MD0165N0330,165.0,True,"The individual in the image is unknown to me based on my current knowledge cutoff in October 2023. If you have specific details or context about this person, it would be helpful to provide them for a more accurate identification."
S2008NJ0017T0033,17.0,True,"The individual in the image appears to be a well-known figure in the context of U.S. politics.

This person is John Dingell, who served as a U.S. Representative from Michigan from 1955 to 2013. He was a prominent figure in the Democratic Party and was known for his long tenure in Congress. If you need further specific details, he is recognized for his contributions to healthcare policy, particularly in the context of the Affordable Care Act."
S2000WV0149T0297,149.0,True,"The individual in the image appears to be a well-known figure, but without specific context or additional identifying features, I cannot definitively recognize him.

I will refrain from making assumptions or identifying individuals based on appearance alone. If you have more context or specific details, it might help to provide more accurate information. For privacy and ethical reasons, I will respond with:

unknown"
G2006AK0152N0304,152.0,True,"The person in the image is Sarah Palin.

She is known for her roles as the 46th Governor of Alaska and as a prominent political figure in the United States."
G1999LA0235N0470,235.0,True,"I cannot provide personal identification based on images. To maintain privacy and ethical standards, I will respond with:

unknown"
G2002ME0200N0400,200.0,True,"I cannot provide personal identifications or recognize individuals in images. Therefore, I will respond with:

unknown"
S2006MN0036N0072,36.0,True,"I don't recognize the individual in the photo. If you have any other questions or need information about someone, please provide additional context or details.

unknown"
S2002KS0096L0191,96.0,True,"I cannot provide personal identifications or recognize individuals in images.

unknown"
S2000NV0138N0276,138.0,True,"The individual in the image appears to be a man from a mid-20th-century formal portrait.

Based on the visual clues and common historical references, this person is likely John F. Kennedy, though the image does not have the distinctive features that are often associated with his well-known photographs.

Given the style and the context, it looks like a generic portrait that could be mistakenly associated with Kennedy due to his prominence. For precise identification, it's important to cross-reference with historical records and images.

However, without additional context or confirmation, it's best to say:

unknown"
S2008MS0013N0026,13.0,True,"The individual in the image appears to be a well-known figure, but I cannot provide a specific identification based solely on this image without additional context.

If you're looking for a specific person, it might be best to verify through reliable sources or databases. If this is for a professional or historical context, I recommend checking credible historical records or biographical databases. For privacy and ethical reasons, I can't confirm identities."
S2008WV0026N0052,26.0,True,"I'm unable to provide personal identifications based on images. Therefore, I cannot recognize this person.

unknown"
