stimulus,reason
8,api_or_parse_failure
155,api_or_parse_failure
317,api_or_parse_failure
321,api_or_parse_failure
338,api_or_parse_failure
370,api_or_parse_failure
371,api_or_parse_failure
410,api_or_parse_failure
438,api_or_parse_failure
445,api_or_parse_failure
493,api_or_parse_failure
574,api_or_parse_failure
690,api_or_parse_failure
715,api_or_parse_failure
733,api_or_parse_failure
795,api_or_parse_failure
889,api_or_parse_failure
891,api_or_parse_failure
928,api_or_parse_failure
960,api_or_parse_failure
