election_id,trial,slotA_face,chosen_slot,chosen_face,status,raw
1.0,2,a,A,a,ok,A
1.0,2,b,B,a,ok,B
1.0,0,a,B,b,ok,B
1.0,0,b,B,a,ok,B
1.0,1,a,B,b,ok,B
1.0,1,b,B,a,ok,B
2.0,0,a,A,a,ok,A
2.0,0,b,B,a,ok,B
2.0,1,a,A,a,ok,A
2.0,1,b,B,a,ok,B
3.0,0,a,B,b,ok,B
3.0,0,b,A,b,ok,A
3.0,1,a,A,a,ok,A
3.0,1,b,B,a,ok,B
2.0,2,a,B,b,ok,B
2.0,2,b,B,a,ok,B
4.0,0,a,A,a,ok,A
4.0,0,b,B,a,ok,B
4.0,1,a,A,a,ok,A
4.0,1,b,B,a,ok,B
4.0,2,a,A,a,ok,A
4.0,2,b,B,a,ok,B
3.0,2,a,A,a,ok,A
3.0,2,b,A,b,ok,A
5.0,0,a,A,a,ok,A
5.0,0,b,B,a,ok,B
5.0,2,a,A,a,ok,A
5.0,2,b,B,a,ok,B
5.0,1,a,A,a,ok,A
5.0,1,b,B,a,ok,B
6.0,0,a,B,b,ok,B
6.0,0,b,A,b,ok,A
6.0,1,a,B,b,ok,B
6.0,1,b,A,b,ok,A
6.0,2,a,B,b,ok,B
6.0,2,b,A,b,ok,A
7.0,0,a,A,a,ok,A
7.0,0,b,B,a,ok,B
7.0,1,a,A,a,ok,A
7.0,1,b,A,b,ok,A
8.0,0,a,B,b,ok,B
8.0,0,b,B,a,ok,B
7.0,2,a,A,a,ok,A
7.0,2,b,A,b,ok,A
8.0,1,a,B,b,ok,B
8.0,1,b,A,b,ok,A
8.0,2,a,B,b,ok,B
8.0,2,b,A,b,ok,A
9.0,0,a,A,a,ok,A
9.0,0,b,B,a,ok,B
9.0,1,a,A,a,ok,A
9.0,1,b,B,a,ok,B
9.0,2,a,B,b,ok,B
9.0,2,b,B,a,ok,B
10.0,0,a,B,b,ok,B
10.0,0,b,A,b,ok,A
10.0,1,a,B,b,ok,B
10.0,1,b,A,b,ok,A
10.0,2,a,B,b,ok,B
10.0,2,b,A,b,ok,A
11.0,0,a,B,b,ok,B
11.0,0,b,A,b,ok,A
11.0,1,a,B,b,ok,B
11.0,1,b,A,b,ok,A
12.0,0,a,A,a,ok,A
12.0,0,b,A,b,ok,A
11.0,2,a,B,b,ok,B
11.0,2,b,B,a,ok,B
12.0,2,a,A,a,ok,A
12.0,2,b,B,a,ok,B
12.0,1,a,A,a,ok,A
12.0,1,b,B,a,ok,B
13.0,1,a,A,a,ok,A
13.0,1,b,B,a,ok,B
13.0,0,a,B,b,ok,B
13.0,0,b,B,a,ok,B
14.0,0,a,A,a,ok,A
14.0,0,b,B,a,ok,B
13.0,2,a,A,a,ok,A
13.0,2,b,B,a,ok,B
14.0,1,a,A,a,ok,A
14.0,1,b,B,a,ok,B
14.0,2,a,A,a,ok,A
14.0,2,b,B,a,ok,B
15.0,1,a,A,a,ok,A
15.0,1,b,B,a,ok,B
15.0,0,a,A,a,ok,A
15.0,0,b,B,a,ok,B
15.0,2,a,A,a,ok,A
15.0,2,b,B,a,ok,B
16.0,0,a,A,a,ok,A
16.0,0,b,B,a,ok,B
16.0,1,a,A,a,ok,A
16.0,1,b,B,a,ok,B
16.0,2,a,A,a,ok,A
16.0,2,b,B,a,ok,B
17.0,0,a,A,a,ok,A
17.0,0,b,A,b,ok,A
17.0,1,a,A,a,ok,A
17.0,1,b,B,a,ok,B
17.0,2,a,A,a,ok,A
17.0,2,b,B,a,ok,B
18.0,0,a,B,b,ok,B
18.0,0,b,A,b,ok,A
18.0,1,a,B,b,ok,B
18.0,1,b,A,b,ok,A
18.0,2,a,B,b,ok,B
18.0,2,b,A,b,ok,A
19.0,0,a,A,a,ok,A
19.0,0,b,B,a,ok,B
19.0,1,a,A,a,ok,A
19.0,1,b,B,a,ok,B
19.0,2,a,B,b,ok,B
19.0,2,b,B,a,ok,B
20.0,0,a,A,a,ok,A
20.0,0,b,B,a,ok,B
20.0,1,a,B,b,ok,B
20.0,1,b,B,a,ok,B
20.0,2,a,A,a,ok,A
20.0,2,b,B,a,ok,B
21.0,0,a,B,b,ok,B
21.0,0,b,A,b,ok,A
21.0,1,a,B,b,ok,B
21.0,1,b,A,b,ok,A
21.0,2,a,B,b,ok,B
21.0,2,b,A,b,ok,A
22.0,0,a,A,a,ok,A
22.0,0,b,B,a,ok,B
22.0,1,a,B,b,ok,B
22.0,1,b,B,a,ok,B
22.0,2,a,A,a,ok,A
22.0,2,b,B,a,ok,B
23.0,0,a,A,a,ok,A
23.0,0,b,A,b,ok,A
23.0,1,a,B,b,ok,B
23.0,1,b,B,a,ok,B
23.0,2,a,B,b,ok,B
23.0,2,b,A,b,ok,A
24.0,0,a,B,b,ok,B
24.0,0,b,B,a,ok,B
24.0,1,a,B,b,ok,B
24.0,1,b,B,a,ok,B
24.0,2,a,A,a,ok,A
24.0,2,b,B,a,ok,B
25.0,1,a,B,b,ok,B
25.0,1,b,A,b,ok,A
25.0,0,a,B,b,ok,B
25.0,0,b,A,b,ok,A
25.0,2,a,B,b,ok,B
25.0,2,b,A,b,ok,A
26.0,0,a,B,b,ok,B
26.0,0,b,B,a,ok,B
26.0,1,a,A,a,ok,A
26.0,1,b,B,a,ok,B
26.0,2,a,A,a,ok,A
26.0,2,b,B,a,ok,B
27.0,0,a,A,a,ok,A
27.0,0,b,A,b,ok,A
27.0,1,a,A,a,ok,A
27.0,1,b,B,a,ok,B
27.0,2,a,A,a,ok,A
27.0,2,b,B,a,ok,B
28.0,0,a,B,b,ok,B
28.0,0,b,B,a,ok,B
28.0,1,a,B,b,ok,B
28.0,1,b,B,a,ok,B
28.0,2,a,B,b,ok,B
28.0,2,b,A,b,ok,A
29.0,0,a,A,a,ok,A
29.0,0,b,B,a,ok,B
29.0,1,a,A,a,ok,A
29.0,1,b,B,a,ok,B
29.0,2,a,B,b,ok,B
29.0,2,b,B,a,ok,B
30.0,0,a,A,a,ok,A
30.0,0,b,B,a,ok,B
30.0,1,a,A,a,ok,A
30.0,1,b,B,a,ok,B
30.0,2,a,A,a,ok,A
30.0,2,b,B,a,ok,B
31.0,0,a,B,b,ok,B
31.0,0,b,B,a,ok,B
31.0,1,a,A,a,ok,A
31.0,1,b,A,b,ok,A
31.0,2,a,A,a,ok,A
31.0,2,b,A,b,ok,A
32.0,0,a,B,b,ok,B
32.0,0,b,A,b,ok,A
32.0,1,a,B,b,ok,B
32.0,1,b,A,b,ok,A
32.0,2,a,B,b,ok,B
32.0,2,b,A,b,ok,A
33.0,1,a,A,a,ok,A
33.0,1,b,A,b,ok,A
33.0,0,a,A,a,ok,A
33.0,0,b,A,b,ok,A
33.0,2,a,B,b,ok,B
33.0,2,b,B,a,ok,B
34.0,1,a,B,b,ok,B
34.0,1,b,A,b,ok,A
34.0,0,a,B,b,ok,B
34.0,0,b,A,b,ok,A
34.0,2,a,B,b,ok,B
34.0,2,b,B,a,ok,B
35.0,0,a,B,b,ok,B
35.0,0,b,B,a,ok,B
35.0,2,a,B,b,ok,B
35.0,2,b,B,a,ok,B
35.0,1,a,B,b,ok,B
35.0,1,b,A,b,ok,A
36.0,0,a,B,b,ok,B
36.0,0,b,A,b,ok,A
36.0,1,a,A,a,ok,A
36.0,1,b,A,b,ok,A
36.0,2,a,B,b,ok,B
36.0,2,b,B,a,ok,B
37.0,0,a,B,b,ok,B
37.0,0,b,B,a,ok,B
37.0,1,a,B,b,ok,B
37.0,1,b,B,a,ok,B
37.0,2,a,A,a,ok,A
37.0,2,b,A,b,ok,A
38.0,0,a,A,a,ok,A
38.0,0,b,B,a,ok,B
38.0,1,a,A,a,ok,A
38.0,1,b,B,a,ok,B
38.0,2,a,A,a,ok,A
38.0,2,b,B,a,ok,B
39.0,0,a,A,a,ok,A
39.0,0,b,B,a,ok,B
39.0,1,a,B,b,ok,B
39.0,1,b,B,a,ok,B
40.0,0,a,B,b,ok,B
40.0,0,b,B,a,ok,B
39.0,2,a,A,a,ok,A
39.0,2,b,B,a,ok,B
40.0,1,a,B,b,ok,B
40.0,1,b,B,a,ok,B
40.0,2,a,A,a,ok,A
40.0,2,b,A,b,ok,A
41.0,0,a,A,a,ok,A
41.0,0,b,A,b,ok,A
41.0,1,a,A,a,ok,A
41.0,1,b,A,b,ok,A
41.0,2,a,A,a,ok,A
41.0,2,b,A,b,ok,A
42.0,0,a,B,b,ok,B
42.0,0,b,A,b,ok,A
42.0,1,a,B,b,ok,B
42.0,1,b,A,b,ok,A
42.0,2,a,B,b,ok,B
42.0,2,b,A,b,ok,A
43.0,0,a,A,a,ok,A
43.0,0,b,B,a,ok,B
43.0,1,a,A,a,ok,A
43.0,1,b,A,b,ok,A
43.0,2,a,A,a,ok,A
43.0,2,b,B,a,ok,B
44.0,0,a,A,a,ok,A
44.0,0,b,B,a,ok,B
44.0,1,a,A,a,ok,A
44.0,1,b,B,a,ok,B
44.0,2,a,A,a,ok,A
44.0,2,b,A,b,ok,A
45.0,0,a,B,b,ok,B
45.0,0,b,B,a,ok,B
45.0,1,a,B,b,ok,B
45.0,1,b,B,a,ok,B
45.0,2,a,A,a,ok,A
45.0,2,b,B,a,ok,B
46.0,0,a,B,b,ok,B
46.0,0,b,A,b,ok,A
46.0,1,a,B,b,ok,B
46.0,1,b,B,a,ok,B
46.0,2,a,A,a,ok,A
46.0,2,b,B,a,ok,B
47.0,0,a,B,b,ok,B
47.0,0,b,A,b,ok,A
47.0,1,a,A,a,ok,A
47.0,1,b,A,b,ok,A
47.0,2,a,B,b,ok,B
47.0,2,b,B,a,ok,B
48.0,0,a,B,b,ok,B
48.0,0,b,A,b,ok,A
48.0,1,a,B,b,ok,B
48.0,1,b,A,b,ok,A
48.0,2,a,B,b,ok,B
48.0,2,b,B,a,ok,B
49.0,0,a,A,a,ok,A
49.0,0,b,B,a,ok,B
49.0,1,a,A,a,ok,A
49.0,1,b,B,a,ok,B
49.0,2,a,A,a,ok,A
49.0,2,b,B,a,ok,B
50.0,0,a,A,a,ok,A
50.0,0,b,B,a,ok,B
50.0,1,a,A,a,ok,A
50.0,1,b,B,a,ok,B
50.0,2,a,B,b,ok,B
50.0,2,b,B,a,ok,B
51.0,0,a,B,b,ok,B
51.0,0,b,A,b,ok,A
51.0,1,a,B,b,ok,B
51.0,1,b,A,b,ok,A
51.0,2,a,B,b,ok,B
51.0,2,b,A,b,ok,A
52.0,0,a,A,a,ok,A
52.0,0,b,B,a,ok,B
52.0,1,a,A,a,ok,A
52.0,1,b,B,a,ok,B
53.0,0,a,A,a,ok,A
53.0,0,b,B,a,ok,B
53.0,1,a,A,a,ok,A
53.0,1,b,B,a,ok,B
52.0,2,a,A,a,ok,A
52.0,2,b,B,a,ok,B
53.0,2,a,A,a,ok,A
53.0,2,b,B,a,ok,B
54.0,0,a,B,b,ok,B
54.0,0,b,A,b,ok,A
54.0,2,a,B,b,ok,B
54.0,2,b,A,b,ok,A
54.0,1,a,B,b,ok,B
54.0,1,b,A,b,ok,A
55.0,0,a,A,a,ok,A
55.0,0,b,B,a,ok,B
55.0,1,a,A,a,ok,A
55.0,1,b,B,a,ok,B
56.0,0,a,A,a,ok,A
56.0,0,b,B,a,ok,B
55.0,2,a,A,a,ok,A
55.0,2,b,B,a,ok,B
56.0,1,a,A,a,ok,A
56.0,1,b,B,a,ok,B
56.0,2,a,A,a,ok,A
56.0,2,b,B,a,ok,B
57.0,0,a,B,b,ok,B
57.0,0,b,A,b,ok,A
57.0,1,a,B,b,ok,B
57.0,1,b,A,b,ok,A
57.0,2,a,B,b,ok,B
57.0,2,b,A,b,ok,A
58.0,0,a,B,b,ok,B
58.0,0,b,A,b,ok,A
58.0,1,a,B,b,ok,B
58.0,1,b,A,b,ok,A
58.0,2,a,B,b,ok,B
58.0,2,b,A,b,ok,A
59.0,0,a,A,a,ok,A
59.0,0,b,B,a,ok,B
59.0,1,a,A,a,ok,A
59.0,1,b,B,a,ok,B
59.0,2,a,A,a,ok,A
59.0,2,b,B,a,ok,B
60.0,0,a,A,a,ok,A
60.0,0,b,A,b,ok,A
60.0,1,a,B,b,ok,B
60.0,1,b,A,b,ok,A
60.0,2,a,B,b,ok,B
60.0,2,b,A,b,ok,A
61.0,0,a,B,b,ok,B
61.0,0,b,A,b,ok,A
61.0,1,a,B,b,ok,B
61.0,1,b,A,b,ok,A
62.0,1,a,A,a,ok,A
62.0,1,b,B,a,ok,B
62.0,0,a,A,a,ok,A
62.0,0,b,B,a,ok,B
61.0,2,a,B,b,ok,B
61.0,2,b,A,b,ok,A
62.0,2,a,A,a,ok,A
62.0,2,b,B,a,ok,B
64.0,1,a,A,a,ok,A
64.0,1,b,A,b,ok,A
64.0,2,a,A,a,ok,A
64.0,2,b,A,b,ok,A
64.0,0,a,A,a,ok,A
64.0,0,b,A,b,ok,A
65.0,0,a,B,b,ok,B
65.0,0,b,A,b,ok,A
65.0,1,a,B,b,ok,B
65.0,1,b,A,b,ok,A
65.0,2,a,B,b,ok,B
65.0,2,b,A,b,ok,A
66.0,0,a,B,b,ok,B
66.0,0,b,B,a,ok,B
66.0,1,a,A,a,ok,A
66.0,1,b,B,a,ok,B
66.0,2,a,B,b,ok,B
66.0,2,b,A,b,ok,A
67.0,1,a,A,a,ok,A
67.0,1,b,B,a,ok,B
67.0,0,a,A,a,ok,A
67.0,0,b,B,a,ok,B
67.0,2,a,A,a,ok,A
67.0,2,b,B,a,ok,B
70.0,0,a,B,b,ok,B
70.0,0,b,A,b,ok,A
70.0,2,a,B,b,ok,B
70.0,2,b,A,b,ok,A
70.0,1,a,B,b,ok,B
70.0,1,b,A,b,ok,A
71.0,0,a,A,a,ok,A
71.0,0,b,B,a,ok,B
71.0,2,a,A,a,ok,A
71.0,2,b,B,a,ok,B
72.0,0,a,B,b,ok,B
72.0,0,b,B,a,ok,B
71.0,1,a,A,a,ok,A
71.0,1,b,B,a,ok,B
72.0,1,a,B,b,ok,B
72.0,1,b,A,b,ok,A
72.0,2,a,B,b,ok,B
72.0,2,b,A,b,ok,A
73.0,0,a,A,a,ok,A
73.0,0,b,B,a,ok,B
73.0,1,a,A,a,ok,A
73.0,1,b,B,a,ok,B
73.0,2,a,A,a,ok,A
73.0,2,b,B,a,ok,B
74.0,0,a,B,b,ok,B
74.0,0,b,A,b,ok,A
74.0,1,a,B,b,ok,B
74.0,1,b,B,a,ok,B
74.0,2,a,B,b,ok,B
74.0,2,b,A,b,ok,A
75.0,1,a,A,a,ok,A
75.0,1,b,B,a,ok,B
75.0,0,a,A,a,ok,A
75.0,0,b,B,a,ok,B
76.0,0,a,A,a,ok,A
76.0,0,b,B,a,ok,B
75.0,2,a,A,a,ok,A
75.0,2,b,B,a,ok,B
76.0,1,a,A,a,ok,A
76.0,1,b,B,a,ok,B
76.0,2,a,A,a,ok,A
76.0,2,b,B,a,ok,B
77.0,0,a,B,b,ok,B
77.0,0,b,A,b,ok,A
77.0,1,a,B,b,ok,B
77.0,1,b,A,b,ok,A
77.0,2,a,B,b,ok,B
77.0,2,b,A,b,ok,A
78.0,0,a,A,a,ok,A
78.0,0,b,B,a,ok,B
78.0,1,a,B,b,ok,B
78.0,1,b,A,b,ok,A
78.0,2,a,A,a,ok,A
78.0,2,b,A,b,ok,A
79.0,0,a,B,b,ok,B
79.0,0,b,A,b,ok,A
79.0,1,a,B,b,ok,B
79.0,1,b,A,b,ok,A
80.0,0,a,B,b,ok,B
80.0,0,b,A,b,ok,A
79.0,2,a,B,b,ok,B
79.0,2,b,B,a,ok,B
80.0,1,a,B,b,ok,B
80.0,1,b,A,b,ok,A
80.0,2,a,B,b,ok,B
80.0,2,b,A,b,ok,A
81.0,0,a,B,b,ok,B
81.0,0,b,A,b,ok,A
81.0,1,a,B,b,ok,B
81.0,1,b,A,b,ok,A
81.0,2,a,B,b,ok,B
81.0,2,b,B,a,ok,B
82.0,0,a,B,b,ok,B
82.0,0,b,A,b,ok,A
82.0,1,a,B,b,ok,B
82.0,1,b,A,b,ok,A
82.0,2,a,B,b,ok,B
82.0,2,b,A,b,ok,A
83.0,0,a,A,a,ok,A
83.0,0,b,B,a,ok,B
83.0,1,a,B,b,ok,B
83.0,1,b,A,b,ok,A
83.0,2,a,A,a,ok,A
83.0,2,b,A,b,ok,A
84.0,0,a,A,a,ok,A
84.0,0,b,B,a,ok,B
84.0,1,a,A,a,ok,A
84.0,1,b,B,a,ok,B
84.0,2,a,A,a,ok,A
84.0,2,b,B,a,ok,B
85.0,0,a,A,a,ok,A
85.0,0,b,B,a,ok,B
85.0,1,a,B,b,ok,B
85.0,1,b,B,a,ok,B
85.0,2,a,A,a,ok,A
85.0,2,b,B,a,ok,B
86.0,1,a,A,a,ok,A
86.0,1,b,B,a,ok,B
86.0,0,a,A,a,ok,A
86.0,0,b,A,b,ok,A
86.0,2,a,A,a,ok,A
86.0,2,b,B,a,ok,B
87.0,1,a,A,a,ok,A
87.0,1,b,A,b,ok,A
87.0,0,a,A,a,ok,A
87.0,0,b,A,b,ok,A
87.0,2,a,A,a,ok,A
87.0,2,b,A,b,ok,A
88.0,0,a,A,a,ok,A
88.0,0,b,B,a,ok,B
88.0,1,a,A,a,ok,A
88.0,1,b,B,a,ok,B
88.0,2,a,A,a,ok,A
88.0,2,b,B,a,ok,B
89.0,0,a,B,b,ok,B
89.0,0,b,A,b,ok,A
89.0,1,a,B,b,ok,B
89.0,1,b,A,b,ok,A
90.0,0,a,B,b,ok,B
90.0,0,b,A,b,ok,A
89.0,2,a,B,b,ok,B
89.0,2,b,A,b,ok,A
90.0,1,a,A,a,ok,A
90.0,1,b,A,b,ok,A
90.0,2,a,B,b,ok,B
90.0,2,b,B,a,ok,B
91.0,0,a,B,b,ok,B
91.0,0,b,A,b,ok,A
91.0,2,a,B,b,ok,B
91.0,2,b,A,b,ok,A
91.0,1,a,B,b,ok,B
91.0,1,b,A,b,ok,A
92.0,0,a,A,a,ok,A
92.0,0,b,A,b,ok,A
92.0,1,a,B,b,ok,B
92.0,1,b,A,b,ok,A
93.0,0,a,B,b,ok,B
93.0,0,b,A,b,ok,A
92.0,2,a,B,b,ok,B
92.0,2,b,A,b,ok,A
93.0,1,a,B,b,ok,B
93.0,1,b,A,b,ok,A
94.0,0,a,A,a,ok,A
94.0,0,b,B,a,ok,B
93.0,2,a,B,b,ok,B
93.0,2,b,A,b,ok,A
94.0,2,a,A,a,ok,A
94.0,2,b,B,a,ok,B
94.0,1,a,A,a,ok,A
94.0,1,b,B,a,ok,B
95.0,0,a,A,a,ok,A
95.0,0,b,B,a,ok,B
95.0,1,a,A,a,ok,A
95.0,1,b,B,a,ok,B
95.0,2,a,A,a,ok,A
95.0,2,b,B,a,ok,B
96.0,0,a,A,a,ok,A
96.0,0,b,A,b,ok,A
96.0,1,a,A,a,ok,A
96.0,1,b,B,a,ok,B
96.0,2,a,A,a,ok,A
96.0,2,b,A,b,ok,A
97.0,0,a,B,b,ok,B
97.0,0,b,B,a,ok,B
97.0,1,a,B,b,ok,B
97.0,1,b,B,a,ok,B
97.0,2,a,A,a,ok,A
97.0,2,b,B,a,ok,B
98.0,0,a,A,a,ok,A
98.0,0,b,B,a,ok,B
98.0,1,a,A,a,ok,A
98.0,1,b,B,a,ok,B
98.0,2,a,A,a,ok,A
98.0,2,b,B,a,ok,B
99.0,0,a,A,a,ok,A
99.0,0,b,B,a,ok,B
99.0,1,a,A,a,ok,A
99.0,1,b,B,a,ok,B
99.0,2,a,A,a,ok,A
99.0,2,b,B,a,ok,B
100.0,0,a,A,a,ok,A
100.0,0,b,B,a,ok,B
100.0,1,a,A,a,ok,A
100.0,1,b,B,a,ok,B
100.0,2,a,A,a,ok,A
100.0,2,b,B,a,ok,B
101.0,0,a,A,a,ok,A
101.0,0,b,B,a,ok,B
101.0,1,a,A,a,ok,A
101.0,1,b,B,a,ok,B
101.0,2,a,A,a,ok,A
101.0,2,b,B,a,ok,B
102.0,0,a,A,a,ok,A
102.0,0,b,B,a,ok,B
102.0,1,a,A,a,ok,A
102.0,1,b,B,a,ok,B
102.0,2,a,A,a,ok,A
102.0,2,b,B,a,ok,B
103.0,0,a,B,b,ok,B
103.0,0,b,A,b,ok,A
103.0,1,a,A,a,ok,A
103.0,1,b,B,a,ok,B
103.0,2,a,A,a,ok,A
103.0,2,b,A,b,ok,A
104.0,0,a,B,b,ok,B
104.0,0,b,A,b,ok,A
104.0,1,a,B,b,ok,B
104.0,1,b,A,b,ok,A
104.0,2,a,B,b,ok,B
104.0,2,b,B,a,ok,B
105.0,0,a,B,b,ok,B
105.0,0,b,B,a,ok,B
105.0,1,a,B,b,ok,B
105.0,1,b,B,a,ok,B
105.0,2,a,B,b,ok,B
105.0,2,b,A,b,ok,A
106.0,1,a,A,a,ok,A
106.0,1,b,B,a,ok,B
106.0,0,a,B,b,ok,B
106.0,0,b,B,a,ok,B
106.0,2,a,A,a,ok,A
106.0,2,b,B,a,ok,B
107.0,0,a,A,a,ok,A
107.0,0,b,A,b,ok,A
107.0,1,a,B,b,ok,B
107.0,1,b,A,b,ok,A
107.0,2,a,A,a,ok,A
107.0,2,b,A,b,ok,A
108.0,0,a,A,a,ok,A
108.0,0,b,B,a,ok,B
108.0,1,a,B,b,ok,B
108.0,1,b,B,a,ok,B
108.0,2,a,A,a,ok,A
108.0,2,b,B,a,ok,B
109.0,0,a,B,b,ok,B
109.0,0,b,A,b,ok,A
109.0,1,a,A,a,ok,A
109.0,1,b,A,b,ok,A
109.0,2,a,A,a,ok,A
109.0,2,b,B,a,ok,B
110.0,0,a,B,b,ok,B
110.0,0,b,A,b,ok,A
110.0,1,a,A,a,ok,A
110.0,1,b,B,a,ok,B
110.0,2,a,B,b,ok,B
110.0,2,b,A,b,ok,A
111.0,0,a,A,a,ok,A
111.0,0,b,B,a,ok,B
111.0,1,a,A,a,ok,A
111.0,1,b,B,a,ok,B
111.0,2,a,A,a,ok,A
111.0,2,b,B,a,ok,B
112.0,0,a,A,a,ok,A
112.0,0,b,A,b,ok,A
112.0,1,a,B,b,ok,B
112.0,1,b,A,b,ok,A
112.0,2,a,A,a,ok,A
112.0,2,b,B,a,ok,B
113.0,0,a,B,b,ok,B
113.0,0,b,B,a,ok,B
113.0,1,a,A,a,ok,A
113.0,1,b,B,a,ok,B
113.0,2,a,A,a,ok,A
113.0,2,b,B,a,ok,B
114.0,0,a,A,a,ok,A
114.0,0,b,A,b,ok,A
114.0,1,a,B,b,ok,B
114.0,1,b,B,a,ok,B
114.0,2,a,B,b,ok,B
114.0,2,b,B,a,ok,B
115.0,0,a,B,b,ok,B
115.0,0,b,B,a,ok,B
115.0,1,a,A,a,ok,A
115.0,1,b,B,a,ok,B
115.0,2,a,B,b,ok,B
115.0,2,b,A,b,ok,A
116.0,0,a,A,a,ok,A
116.0,0,b,B,a,ok,B
116.0,1,a,A,a,ok,A
116.0,1,b,B,a,ok,B
116.0,2,a,A,a,ok,A
116.0,2,b,B,a,ok,B
117.0,0,a,B,b,ok,B
117.0,0,b,B,a,ok,B
117.0,1,a,A,a,ok,A
117.0,1,b,B,a,ok,B
117.0,2,a,B,b,ok,B
117.0,2,b,B,a,ok,B
118.0,1,a,A,a,ok,A
118.0,1,b,B,a,ok,B
118.0,0,a,A,a,ok,A
118.0,0,b,B,a,ok,B
118.0,2,a,A,a,ok,A
118.0,2,b,B,a,ok,B
119.0,0,a,B,b,ok,B
119.0,0,b,A,b,ok,A
119.0,1,a,B,b,ok,B
119.0,1,b,A,b,ok,A
119.0,2,a,B,b,ok,B
119.0,2,b,A,b,ok,A
120.0,0,a,B,b,ok,B
120.0,0,b,A,b,ok,A
120.0,1,a,A,a,ok,A
120.0,1,b,A,b,ok,A
120.0,2,a,B,b,ok,B
120.0,2,b,A,b,ok,A
121.0,1,a,A,a,ok,A
121.0,1,b,B,a,ok,B
121.0,0,a,A,a,ok,A
121.0,0,b,B,a,ok,B
121.0,2,a,A,a,ok,A
121.0,2,b,B,a,ok,B
122.0,0,a,B,b,ok,B
122.0,0,b,A,b,ok,A
122.0,1,a,B,b,ok,B
122.0,1,b,A,b,ok,A
122.0,2,a,B,b,ok,B
122.0,2,b,A,b,ok,A
123.0,0,a,A,a,ok,A
123.0,0,b,B,a,ok,B
123.0,1,a,A,a,ok,A
123.0,1,b,B,a,ok,B
123.0,2,a,A,a,ok,A
123.0,2,b,B,a,ok,B
124.0,0,a,B,b,ok,B
124.0,0,b,A,b,ok,A
124.0,1,a,B,b,ok,B
124.0,1,b,A,b,ok,A
124.0,2,a,B,b,ok,B
124.0,2,b,A,b,ok,A
125.0,0,a,B,b,ok,B
125.0,0,b,B,a,ok,B
125.0,1,a,A,a,ok,A
125.0,1,b,B,a,ok,B
125.0,2,a,B,b,ok,B
125.0,2,b,A,b,ok,A
126.0,0,a,B,b,ok,B
126.0,0,b,A,b,ok,A
126.0,1,a,B,b,ok,B
126.0,1,b,A,b,ok,A
126.0,2,a,B,b,ok,B
126.0,2,b,B,a,ok,B
127.0,0,a,B,b,ok,B
127.0,0,b,A,b,ok,A
127.0,1,a,B,b,ok,B
127.0,1,b,A,b,ok,A
127.0,2,a,B,b,ok,B
127.0,2,b,A,b,ok,A
130.0,0,a,B,b,ok,B
130.0,0,b,A,b,ok,A
130.0,1,a,B,b,ok,B
130.0,1,b,A,b,ok,A
130.0,2,a,B,b,ok,B
130.0,2,b,B,a,ok,B
131.0,0,a,B,b,ok,B
131.0,0,b,A,b,ok,A
131.0,1,a,B,b,ok,B
131.0,1,b,A,b,ok,A
131.0,2,a,B,b,ok,B
131.0,2,b,A,b,ok,A
132.0,1,a,B,b,ok,B
132.0,1,b,A,b,ok,A
132.0,0,a,B,b,ok,B
132.0,0,b,A,b,ok,A
132.0,2,a,A,a,ok,A
132.0,2,b,A,b,ok,A
133.0,0,a,B,b,ok,B
133.0,0,b,A,b,ok,A
133.0,1,a,B,b,ok,B
133.0,1,b,B,a,ok,B
133.0,2,a,B,b,ok,B
133.0,2,b,A,b,ok,A
134.0,0,a,A,a,ok,A
134.0,0,b,A,b,ok,A
134.0,1,a,B,b,ok,B
134.0,1,b,A,b,ok,A
134.0,2,a,B,b,ok,B
134.0,2,b,A,b,ok,A
135.0,0,a,A,a,ok,A
135.0,0,b,B,a,ok,B
135.0,1,a,A,a,ok,A
135.0,1,b,B,a,ok,B
135.0,2,a,A,a,ok,A
135.0,2,b,B,a,ok,B
136.0,0,a,A,a,ok,A
136.0,0,b,A,b,ok,A
136.0,1,a,B,b,ok,B
136.0,1,b,A,b,ok,A
136.0,2,a,A,a,ok,A
136.0,2,b,A,b,ok,A
137.0,0,a,B,b,ok,B
137.0,0,b,A,b,ok,A
137.0,1,a,A,a,ok,A
137.0,1,b,A,b,ok,A
137.0,2,a,A,a,ok,A
137.0,2,b,A,b,ok,A
138.0,0,a,B,b,ok,B
138.0,0,b,A,b,ok,A
138.0,1,a,B,b,ok,B
138.0,1,b,A,b,ok,A
139.0,0,a,A,a,ok,A
139.0,0,b,B,a,ok,B
138.0,2,a,A,a,ok,A
138.0,2,b,A,b,ok,A
139.0,1,a,A,a,ok,A
139.0,1,b,B,a,ok,B
139.0,2,a,A,a,ok,A
139.0,2,b,B,a,ok,B
140.0,1,a,B,b,ok,B
140.0,1,b,A,b,ok,A
140.0,0,a,B,b,ok,B
140.0,0,b,A,b,ok,A
140.0,2,a,B,b,ok,B
140.0,2,b,A,b,ok,A
141.0,0,a,A,a,ok,A
141.0,0,b,B,a,ok,B
141.0,1,a,A,a,ok,A
141.0,1,b,B,a,ok,B
141.0,2,a,A,a,ok,A
141.0,2,b,A,b,ok,A
142.0,0,a,A,a,ok,A
142.0,0,b,A,b,ok,A
142.0,1,a,A,a,ok,A
142.0,1,b,A,b,ok,A
142.0,2,a,A,a,ok,A
142.0,2,b,A,b,ok,A
143.0,0,a,A,a,ok,A
143.0,0,b,B,a,ok,B
143.0,1,a,A,a,ok,A
143.0,1,b,B,a,ok,B
143.0,2,a,A,a,ok,A
143.0,2,b,B,a,ok,B
144.0,0,a,B,b,ok,B
144.0,0,b,A,b,ok,A
144.0,1,a,B,b,ok,B
144.0,1,b,B,a,ok,B
144.0,2,a,B,b,ok,B
144.0,2,b,B,a,ok,B
145.0,0,a,A,a,ok,A
145.0,0,b,B,a,ok,B
145.0,1,a,A,a,ok,A
145.0,1,b,B,a,ok,B
145.0,2,a,A,a,ok,A
145.0,2,b,B,a,ok,B
146.0,0,a,A,a,ok,A
146.0,0,b,A,b,ok,A
146.0,1,a,A,a,ok,A
146.0,1,b,A,b,ok,A
146.0,2,a,B,b,ok,B
146.0,2,b,A,b,ok,A
147.0,0,a,A,a,ok,A
147.0,0,b,A,b,ok,A
147.0,1,a,B,b,ok,B
147.0,1,b,B,a,ok,B
147.0,2,a,A,a,ok,A
147.0,2,b,B,a,ok,B
148.0,0,a,B,b,ok,B
148.0,0,b,A,b,ok,A
148.0,1,a,B,b,ok,B
148.0,1,b,A,b,ok,A
148.0,2,a,B,b,ok,B
148.0,2,b,A,b,ok,A
149.0,0,a,B,b,ok,B
149.0,0,b,B,a,ok,B
149.0,1,a,A,a,ok,A
149.0,1,b,B,a,ok,B
150.0,0,a,B,b,ok,B
150.0,0,b,A,b,ok,A
149.0,2,a,A,a,ok,A
149.0,2,b,B,a,ok,B
150.0,1,a,B,b,ok,B
150.0,1,b,A,b,ok,A
151.0,0,a,A,a,ok,A
151.0,0,b,B,a,ok,B
150.0,2,a,B,b,ok,B
150.0,2,b,A,b,ok,A
151.0,1,a,A,a,ok,A
151.0,1,b,B,a,ok,B
151.0,2,a,A,a,ok,A
151.0,2,b,B,a,ok,B
152.0,0,a,B,b,ok,B
152.0,0,b,A,b,ok,A
152.0,1,a,B,b,ok,B
152.0,1,b,A,b,ok,A
152.0,2,a,B,b,ok,B
152.0,2,b,A,b,ok,A
153.0,0,a,A,a,ok,A
153.0,0,b,B,a,ok,B
153.0,1,a,B,b,ok,B
153.0,1,b,A,b,ok,A
154.0,0,a,B,b,ok,B
154.0,0,b,B,a,ok,B
154.0,1,a,B,b,ok,B
154.0,1,b,A,b,ok,A
153.0,2,a,B,b,ok,B
153.0,2,b,B,a,ok,B
154.0,2,a,B,b,ok,B
154.0,2,b,B,a,ok,B
155.0,0,a,A,a,ok,A
155.0,0,b,B,a,ok,B
155.0,1,a,A,a,ok,A
155.0,1,b,A,b,ok,A
155.0,2,a,A,a,ok,A
155.0,2,b,B,a,ok,B
156.0,0,a,B,b,ok,B
156.0,0,b,A,b,ok,A
156.0,1,a,B,b,ok,B
156.0,1,b,A,b,ok,A
156.0,2,a,B,b,ok,B
156.0,2,b,A,b,ok,A
157.0,0,a,B,b,ok,B
157.0,0,b,A,b,ok,A
157.0,1,a,A,a,ok,A
157.0,1,b,A,b,ok,A
157.0,2,a,A,a,ok,A
157.0,2,b,A,b,ok,A
158.0,0,a,B,b,ok,B
158.0,0,b,B,a,ok,B
158.0,1,a,A,a,ok,A
158.0,1,b,B,a,ok,B
158.0,2,a,B,b,ok,B
158.0,2,b,B,a,ok,B
159.0,0,a,B,b,ok,B
159.0,0,b,A,b,ok,A
159.0,1,a,B,b,ok,B
159.0,1,b,A,b,ok,A
159.0,2,a,B,b,ok,B
159.0,2,b,A,b,ok,A
160.0,0,a,B,b,ok,B
160.0,0,b,A,b,ok,A
160.0,1,a,B,b,ok,B
160.0,1,b,A,b,ok,A
161.0,0,a,B,b,ok,B
161.0,0,b,A,b,ok,A
160.0,2,a,B,b,ok,B
160.0,2,b,A,b,ok,A
161.0,1,a,B,b,ok,B
161.0,1,b,A,b,ok,A
161.0,2,a,B,b,ok,B
161.0,2,b,B,a,ok,B
162.0,0,a,A,a,ok,A
162.0,0,b,B,a,ok,B
162.0,1,a,A,a,ok,A
162.0,1,b,B,a,ok,B
162.0,2,a,B,b,ok,B
162.0,2,b,B,a,ok,B
163.0,0,a,B,b,ok,B
163.0,0,b,A,b,ok,A
163.0,2,a,B,b,ok,B
163.0,2,b,A,b,ok,A
163.0,1,a,B,b,ok,B
163.0,1,b,A,b,ok,A
164.0,0,a,A,a,ok,A
164.0,0,b,B,a,ok,B
164.0,1,a,A,a,ok,A
164.0,1,b,A,b,ok,A
164.0,2,a,B,b,ok,B
164.0,2,b,B,a,ok,B
165.0,0,a,B,b,ok,B
165.0,0,b,A,b,ok,A
165.0,1,a,B,b,ok,B
165.0,1,b,A,b,ok,A
166.0,1,a,A,a,ok,A
166.0,1,b,B,a,ok,B
165.0,2,a,B,b,ok,B
165.0,2,b,A,b,ok,A
166.0,0,a,A,a,ok,A
166.0,0,b,B,a,ok,B
166.0,2,a,A,a,ok,A
166.0,2,b,B,a,ok,B
167.0,0,a,B,b,ok,B
167.0,0,b,B,a,ok,B
167.0,1,a,B,b,ok,B
167.0,1,b,A,b,ok,A
167.0,2,a,A,a,ok,A
167.0,2,b,A,b,ok,A
168.0,0,a,B,b,ok,B
168.0,0,b,A,b,ok,A
168.0,1,a,B,b,ok,B
168.0,1,b,A,b,ok,A
169.0,0,a,B,b,ok,B
169.0,0,b,B,a,ok,B
168.0,2,a,B,b,ok,B
168.0,2,b,A,b,ok,A
169.0,1,a,B,b,ok,B
169.0,1,b,B,a,ok,B
169.0,2,a,B,b,ok,B
169.0,2,b,B,a,ok,B
170.0,0,a,B,b,ok,B
170.0,0,b,A,b,ok,A
170.0,1,a,B,b,ok,B
170.0,1,b,A,b,ok,A
170.0,2,a,B,b,ok,B
170.0,2,b,A,b,ok,A
171.0,1,a,B,b,ok,B
171.0,1,b,A,b,ok,A
171.0,0,a,B,b,ok,B
171.0,0,b,B,a,ok,B
171.0,2,a,B,b,ok,B
171.0,2,b,A,b,ok,A
172.0,0,a,B,b,ok,B
172.0,0,b,A,b,ok,A
172.0,2,a,B,b,ok,B
172.0,2,b,A,b,ok,A
172.0,1,a,B,b,ok,B
172.0,1,b,A,b,ok,A
173.0,0,a,B,b,ok,B
173.0,0,b,B,a,ok,B
173.0,1,a,A,a,ok,A
173.0,1,b,A,b,ok,A
174.0,1,a,B,b,ok,B
174.0,1,b,A,b,ok,A
173.0,2,a,A,a,ok,A
173.0,2,b,B,a,ok,B
174.0,0,a,B,b,ok,B
174.0,0,b,A,b,ok,A
174.0,2,a,B,b,ok,B
174.0,2,b,A,b,ok,A
175.0,0,a,B,b,ok,B
175.0,0,b,A,b,ok,A
175.0,1,a,A,a,ok,A
175.0,1,b,B,a,ok,B
175.0,2,a,B,b,ok,B
175.0,2,b,B,a,ok,B
176.0,0,a,A,a,ok,A
176.0,0,b,B,a,ok,B
176.0,2,a,A,a,ok,A
176.0,2,b,B,a,ok,B
176.0,1,a,A,a,ok,A
176.0,1,b,B,a,ok,B
177.0,0,a,B,b,ok,B
177.0,0,b,B,a,ok,B
177.0,1,a,B,b,ok,B
177.0,1,b,B,a,ok,B
177.0,2,a,B,b,ok,B
177.0,2,b,A,b,ok,A
178.0,0,a,A,a,ok,A
178.0,0,b,B,a,ok,B
178.0,1,a,A,a,ok,A
178.0,1,b,B,a,ok,B
178.0,2,a,A,a,ok,A
178.0,2,b,B,a,ok,B
179.0,1,a,A,a,ok,A
179.0,1,b,B,a,ok,B
179.0,0,a,B,b,ok,B
179.0,0,b,A,b,ok,A
179.0,2,a,A,a,ok,A
179.0,2,b,B,a,ok,B
180.0,0,a,B,b,ok,B
180.0,0,b,B,a,ok,B
180.0,1,a,B,b,ok,B
180.0,1,b,A,b,ok,A
180.0,2,a,B,b,ok,B
180.0,2,b,A,b,ok,A
181.0,0,a,B,b,ok,B
181.0,0,b,A,b,ok,A
181.0,1,a,A,a,ok,A
181.0,1,b,A,b,ok,A
181.0,2,a,B,b,ok,B
181.0,2,b,A,b,ok,A
182.0,0,a,A,a,ok,A
182.0,0,b,B,a,ok,B
182.0,1,a,B,b,ok,B
182.0,1,b,B,a,ok,B
182.0,2,a,A,a,ok,A
182.0,2,b,B,a,ok,B
183.0,0,a,A,a,ok,A
183.0,0,b,A,b,ok,A
183.0,2,a,B,b,ok,B
183.0,2,b,A,b,ok,A
183.0,1,a,A,a,ok,A
183.0,1,b,A,b,ok,A
184.0,0,a,B,b,ok,B
184.0,0,b,A,b,ok,A
184.0,1,a,B,b,ok,B
184.0,1,b,B,a,ok,B
184.0,2,a,B,b,ok,B
184.0,2,b,A,b,ok,A
185.0,0,a,B,b,ok,B
185.0,0,b,A,b,ok,A
185.0,1,a,A,a,ok,A
185.0,1,b,A,b,ok,A
185.0,2,a,B,b,ok,B
185.0,2,b,A,b,ok,A
186.0,0,a,A,a,ok,A
186.0,0,b,B,a,ok,B
186.0,2,a,B,b,ok,B
186.0,2,b,B,a,ok,B
186.0,1,a,A,a,ok,A
186.0,1,b,B,a,ok,B
187.0,0,a,B,b,ok,B
187.0,0,b,B,a,ok,B
188.0,0,a,B,b,ok,B
188.0,0,b,B,a,ok,B
187.0,1,a,B,b,ok,B
187.0,1,b,A,b,ok,A
187.0,2,a,B,b,ok,B
187.0,2,b,A,b,ok,A
188.0,1,a,A,a,ok,A
188.0,1,b,A,b,ok,A
188.0,2,a,B,b,ok,B
188.0,2,b,B,a,ok,B
189.0,0,a,B,b,ok,B
189.0,0,b,B,a,ok,B
189.0,1,a,A,a,ok,A
189.0,1,b,B,a,ok,B
189.0,2,a,B,b,ok,B
189.0,2,b,B,a,ok,B
190.0,0,a,A,a,ok,A
190.0,0,b,B,a,ok,B
190.0,2,a,B,b,ok,B
190.0,2,b,A,b,ok,A
190.0,1,a,B,b,ok,B
190.0,1,b,A,b,ok,A
192.0,0,a,A,a,ok,A
192.0,0,b,B,a,ok,B
192.0,1,a,A,a,ok,A
192.0,1,b,B,a,ok,B
193.0,0,a,A,a,ok,A
193.0,0,b,B,a,ok,B
192.0,2,a,A,a,ok,A
192.0,2,b,A,b,ok,A
193.0,1,a,A,a,ok,A
193.0,1,b,A,b,ok,A
193.0,2,a,A,a,ok,A
193.0,2,b,A,b,ok,A
194.0,0,a,B,b,ok,B
194.0,0,b,B,a,ok,B
194.0,1,a,B,b,ok,B
194.0,1,b,B,a,ok,B
194.0,2,a,B,b,ok,B
194.0,2,b,A,b,ok,A
195.0,0,a,B,b,ok,B
195.0,0,b,B,a,ok,B
195.0,1,a,B,b,ok,B
195.0,1,b,A,b,ok,A
195.0,2,a,A,a,ok,A
195.0,2,b,A,b,ok,A
196.0,0,a,B,b,ok,B
196.0,0,b,B,a,ok,B
196.0,1,a,A,a,ok,A
196.0,1,b,B,a,ok,B
196.0,2,a,A,a,ok,A
196.0,2,b,B,a,ok,B
197.0,0,a,B,b,ok,B
197.0,0,b,A,b,ok,A
197.0,1,a,B,b,ok,B
197.0,1,b,A,b,ok,A
198.0,0,a,A,a,ok,A
198.0,0,b,A,b,ok,A
198.0,1,a,B,b,ok,B
198.0,1,b,A,b,ok,A
197.0,2,a,B,b,ok,B
197.0,2,b,A,b,ok,A
198.0,2,a,B,b,ok,B
198.0,2,b,A,b,ok,A
199.0,0,a,A,a,ok,A
199.0,0,b,B,a,ok,B
199.0,1,a,A,a,ok,A
199.0,1,b,B,a,ok,B
199.0,2,a,A,a,ok,A
199.0,2,b,B,a,ok,B
200.0,0,a,B,b,ok,B
200.0,0,b,A,b,ok,A
200.0,1,a,B,b,ok,B
200.0,1,b,A,b,ok,A
200.0,2,a,B,b,ok,B
200.0,2,b,A,b,ok,A
201.0,0,a,A,a,ok,A
201.0,0,b,A,b,ok,A
201.0,1,a,A,a,ok,A
201.0,1,b,A,b,ok,A
201.0,2,a,B,b,ok,B
201.0,2,b,A,b,ok,A
202.0,0,a,A,a,ok,A
202.0,0,b,B,a,ok,B
202.0,1,a,A,a,ok,A
202.0,1,b,B,a,ok,B
202.0,2,a,A,a,ok,A
202.0,2,b,B,a,ok,B
203.0,0,a,B,b,ok,B
203.0,0,b,A,b,ok,A
203.0,1,a,B,b,ok,B
203.0,1,b,B,a,ok,B
203.0,2,a,A,a,ok,A
203.0,2,b,B,a,ok,B
204.0,0,a,B,b,ok,B
204.0,0,b,B,a,ok,B
204.0,1,a,B,b,ok,B
204.0,1,b,B,a,ok,B
204.0,2,a,A,a,ok,A
204.0,2,b,B,a,ok,B
205.0,0,a,B,b,ok,B
205.0,0,b,B,a,ok,B
205.0,1,a,B,b,ok,B
205.0,1,b,B,a,ok,B
206.0,0,a,A,a,ok,A
206.0,0,b,B,a,ok,B
205.0,2,a,B,b,ok,B
205.0,2,b,B,a,ok,B
206.0,1,a,A,a,ok,A
206.0,1,b,B,a,ok,B
207.0,0,a,A,a,ok,A
207.0,0,b,B,a,ok,B
207.0,1,a,A,a,ok,A
207.0,1,b,B,a,ok,B
206.0,2,a,A,a,ok,A
206.0,2,b,B,a,ok,B
207.0,2,a,A,a,ok,A
207.0,2,b,B,a,ok,B
208.0,1,a,B,b,ok,B
208.0,1,b,A,b,ok,A
208.0,0,a,A,a,ok,A
208.0,0,b,A,b,ok,A
208.0,2,a,B,b,ok,B
208.0,2,b,A,b,ok,A
209.0,0,a,B,b,ok,B
209.0,0,b,A,b,ok,A
209.0,1,a,B,b,ok,B
209.0,1,b,A,b,ok,A
209.0,2,a,B,b,ok,B
209.0,2,b,B,a,ok,B
210.0,0,a,B,b,ok,B
210.0,0,b,B,a,ok,B
210.0,1,a,A,a,ok,A
210.0,1,b,B,a,ok,B
210.0,2,a,B,b,ok,B
210.0,2,b,A,b,ok,A
211.0,0,a,B,b,ok,B
211.0,0,b,B,a,ok,B
211.0,1,a,B,b,ok,B
211.0,1,b,A,b,ok,A
211.0,2,a,A,a,ok,A
211.0,2,b,A,b,ok,A
212.0,0,a,A,a,ok,A
212.0,0,b,B,a,ok,B
212.0,1,a,A,a,ok,A
212.0,1,b,B,a,ok,B
213.0,0,a,B,b,ok,B
213.0,0,b,A,b,ok,A
212.0,2,a,A,a,ok,A
212.0,2,b,B,a,ok,B
214.0,0,a,A,a,ok,A
214.0,0,b,B,a,ok,B
213.0,2,a,B,b,ok,B
213.0,2,b,A,b,ok,A
214.0,1,a,A,a,ok,A
214.0,1,b,B,a,ok,B
213.0,1,a,B,b,ok,B
213.0,1,b,A,b,ok,A
214.0,2,a,A,a,ok,A
214.0,2,b,B,a,ok,B
215.0,1,a,B,b,ok,B
215.0,1,b,A,b,ok,A
215.0,0,a,B,b,ok,B
215.0,0,b,A,b,ok,A
215.0,2,a,B,b,ok,B
215.0,2,b,A,b,ok,A
216.0,0,a,A,a,ok,A
216.0,0,b,B,a,ok,B
216.0,1,a,A,a,ok,A
216.0,1,b,B,a,ok,B
216.0,2,a,A,a,ok,A
216.0,2,b,B,a,ok,B
217.0,0,a,B,b,ok,B
217.0,0,b,A,b,ok,A
217.0,1,a,B,b,ok,B
217.0,1,b,A,b,ok,A
217.0,2,a,B,b,ok,B
217.0,2,b,A,b,ok,A
218.0,0,a,A,a,ok,A
218.0,0,b,B,a,ok,B
218.0,2,a,A,a,ok,A
218.0,2,b,B,a,ok,B
218.0,1,a,A,a,ok,A
218.0,1,b,B,a,ok,B
219.0,0,a,B,b,ok,B
219.0,0,b,A,b,ok,A
219.0,1,a,B,b,ok,B
219.0,1,b,A,b,ok,A
219.0,2,a,B,b,ok,B
219.0,2,b,A,b,ok,A
220.0,1,a,B,b,ok,B
220.0,1,b,A,b,ok,A
220.0,2,a,B,b,ok,B
220.0,2,b,B,a,ok,B
221.0,0,a,B,b,ok,B
221.0,0,b,B,a,ok,B
221.0,1,a,B,b,ok,B
221.0,1,b,B,a,ok,B
220.0,0,a,B,b,ok,B
220.0,0,b,A,b,ok,A
221.0,2,a,A,a,ok,A
221.0,2,b,B,a,ok,B
222.0,0,a,A,a,ok,A
222.0,0,b,B,a,ok,B
222.0,1,a,A,a,ok,A
222.0,1,b,B,a,ok,B
222.0,2,a,A,a,ok,A
222.0,2,b,B,a,ok,B
225.0,0,a,B,b,ok,B
225.0,0,b,A,b,ok,A
225.0,1,a,A,a,ok,A
225.0,1,b,A,b,ok,A
226.0,0,a,A,a,ok,A
226.0,0,b,B,a,ok,B
225.0,2,a,A,a,ok,A
225.0,2,b,A,b,ok,A
226.0,1,a,A,a,ok,A
226.0,1,b,B,a,ok,B
226.0,2,a,A,a,ok,A
226.0,2,b,B,a,ok,B
228.0,0,a,B,b,ok,B
228.0,0,b,B,a,ok,B
228.0,1,a,B,b,ok,B
228.0,1,b,A,b,ok,A
228.0,2,a,B,b,ok,B
228.0,2,b,A,b,ok,A
229.0,0,a,A,a,ok,A
229.0,0,b,B,a,ok,B
229.0,1,a,A,a,ok,A
229.0,1,b,B,a,ok,B
229.0,2,a,A,a,ok,A
229.0,2,b,B,a,ok,B
230.0,0,a,A,a,ok,A
230.0,0,b,B,a,ok,B
230.0,1,a,A,a,ok,A
230.0,1,b,B,a,ok,B
231.0,0,a,A,a,ok,A
231.0,0,b,A,b,ok,A
231.0,1,a,A,a,ok,A
231.0,1,b,A,b,ok,A
230.0,2,a,A,a,ok,A
230.0,2,b,B,a,ok,B
231.0,2,a,A,a,ok,A
231.0,2,b,B,a,ok,B
232.0,0,a,A,a,ok,A
232.0,0,b,B,a,ok,B
232.0,1,a,B,b,ok,B
232.0,1,b,B,a,ok,B
232.0,2,a,B,b,ok,B
232.0,2,b,B,a,ok,B
233.0,0,a,A,a,ok,A
233.0,0,b,B,a,ok,B
233.0,1,a,A,a,ok,A
233.0,1,b,B,a,ok,B
233.0,2,a,A,a,ok,A
233.0,2,b,B,a,ok,B
234.0,0,a,B,b,ok,B
234.0,0,b,B,a,ok,B
235.0,0,a,A,a,ok,A
235.0,0,b,B,a,ok,B
234.0,2,a,A,a,ok,A
234.0,2,b,B,a,ok,B
234.0,1,a,B,b,ok,B
234.0,1,b,A,b,ok,A
235.0,1,a,A,a,ok,A
235.0,1,b,B,a,ok,B
236.0,1,a,A,a,ok,A
236.0,1,b,B,a,ok,B
236.0,2,a,A,a,ok,A
236.0,2,b,B,a,ok,B
235.0,2,a,A,a,ok,A
235.0,2,b,B,a,ok,B
236.0,0,a,A,a,ok,A
236.0,0,b,B,a,ok,B
237.0,2,a,A,a,ok,A
237.0,2,b,B,a,ok,B
237.0,1,a,A,a,ok,A
237.0,1,b,B,a,ok,B
237.0,0,a,A,a,ok,A
237.0,0,b,B,a,ok,B
238.0,0,a,A,a,ok,A
238.0,0,b,B,a,ok,B
238.0,1,a,A,a,ok,A
238.0,1,b,B,a,ok,B
238.0,2,a,A,a,ok,A
238.0,2,b,B,a,ok,B
239.0,0,a,A,a,ok,A
239.0,0,b,B,a,ok,B
239.0,1,a,B,b,ok,B
239.0,1,b,B,a,ok,B
239.0,2,a,A,a,ok,A
239.0,2,b,B,a,ok,B
240.0,0,a,A,a,ok,A
240.0,0,b,B,a,ok,B
240.0,2,a,B,b,ok,B
240.0,2,b,B,a,ok,B
240.0,1,a,A,a,ok,A
240.0,1,b,A,b,ok,A
241.0,0,a,A,a,ok,A
241.0,0,b,B,a,ok,B
241.0,1,a,A,a,ok,A
241.0,1,b,B,a,ok,B
242.0,0,a,B,b,ok,B
242.0,0,b,B,a,ok,B
241.0,2,a,A,a,ok,A
241.0,2,b,B,a,ok,B
242.0,1,a,A,a,ok,A
242.0,1,b,B,a,ok,B
243.0,0,a,A,a,ok,A
243.0,0,b,B,a,ok,B
243.0,1,a,A,a,ok,A
243.0,1,b,B,a,ok,B
242.0,2,a,A,a,ok,A
242.0,2,b,B,a,ok,B
243.0,2,a,A,a,ok,A
243.0,2,b,B,a,ok,B
244.0,0,a,B,b,ok,B
244.0,0,b,A,b,ok,A
244.0,1,a,B,b,ok,B
244.0,1,b,A,b,ok,A
244.0,2,a,B,b,ok,B
244.0,2,b,A,b,ok,A
245.0,0,a,B,b,ok,B
245.0,0,b,A,b,ok,A
245.0,1,a,B,b,ok,B
245.0,1,b,A,b,ok,A
245.0,2,a,B,b,ok,B
245.0,2,b,A,b,ok,A
247.0,0,a,A,a,ok,A
247.0,0,b,B,a,ok,B
247.0,2,a,A,a,ok,A
247.0,2,b,B,a,ok,B
247.0,1,a,A,a,ok,A
247.0,1,b,B,a,ok,B
248.0,0,a,A,a,ok,A
248.0,0,b,B,a,ok,B
248.0,1,a,B,b,ok,B
248.0,1,b,A,b,ok,A
248.0,2,a,A,a,ok,A
248.0,2,b,A,b,ok,A
249.0,0,a,A,a,ok,A
249.0,0,b,B,a,ok,B
249.0,2,a,B,b,ok,B
249.0,2,b,A,b,ok,A
249.0,1,a,A,a,ok,A
249.0,1,b,A,b,ok,A
250.0,0,a,B,b,ok,B
250.0,0,b,B,a,ok,B
250.0,2,a,A,a,ok,A
250.0,2,b,B,a,ok,B
251.0,0,a,B,b,ok,B
251.0,0,b,A,b,ok,A
250.0,1,a,B,b,ok,B
250.0,1,b,B,a,ok,B
251.0,1,a,B,b,ok,B
251.0,1,b,A,b,ok,A
252.0,0,a,A,a,ok,A
252.0,0,b,B,a,ok,B
251.0,2,a,B,b,ok,B
251.0,2,b,A,b,ok,A
252.0,1,a,A,a,ok,A
252.0,1,b,B,a,ok,B
252.0,2,a,A,a,ok,A
252.0,2,b,B,a,ok,B
253.0,0,a,A,a,ok,A
253.0,0,b,B,a,ok,B
253.0,1,a,A,a,ok,A
253.0,1,b,B,a,ok,B
253.0,2,a,A,a,ok,A
253.0,2,b,B,a,ok,B
254.0,0,a,B,b,ok,B
254.0,0,b,A,b,ok,A
254.0,1,a,B,b,ok,B
254.0,1,b,A,b,ok,A
254.0,2,a,B,b,ok,B
254.0,2,b,A,b,ok,A
255.0,0,a,B,b,ok,B
255.0,0,b,A,b,ok,A
255.0,1,a,B,b,ok,B
255.0,1,b,A,b,ok,A
255.0,2,a,B,b,ok,B
255.0,2,b,A,b,ok,A
256.0,1,a,A,a,ok,A
256.0,1,b,A,b,ok,A
256.0,0,a,A,a,ok,A
256.0,0,b,B,a,ok,B
256.0,2,a,B,b,ok,B
256.0,2,b,A,b,ok,A
257.0,0,a,A,a,ok,A
257.0,0,b,A,b,ok,A
257.0,1,a,A,a,ok,A
257.0,1,b,A,b,ok,A
257.0,2,a,B,b,ok,B
257.0,2,b,A,b,ok,A
258.0,0,a,B,b,ok,B
258.0,0,b,A,b,ok,A
258.0,1,a,A,a,ok,A
258.0,1,b,B,a,ok,B
258.0,2,a,A,a,ok,A
258.0,2,b,B,a,ok,B
259.0,0,a,A,a,ok,A
259.0,0,b,B,a,ok,B
259.0,1,a,A,a,ok,A
259.0,1,b,B,a,ok,B
259.0,2,a,B,b,ok,B
259.0,2,b,B,a,ok,B
260.0,0,a,A,a,ok,A
260.0,0,b,B,a,ok,B
260.0,1,a,A,a,ok,A
260.0,1,b,A,b,ok,A
260.0,2,a,A,a,ok,A
260.0,2,b,A,b,ok,A
261.0,1,a,A,a,ok,A
261.0,1,b,B,a,ok,B
261.0,0,a,A,a,ok,A
261.0,0,b,B,a,ok,B
261.0,2,a,A,a,ok,A
261.0,2,b,B,a,ok,B
262.0,0,a,A,a,ok,A
262.0,0,b,A,b,ok,A
262.0,1,a,B,b,ok,B
262.0,1,b,B,a,ok,B
262.0,2,a,A,a,ok,A
262.0,2,b,B,a,ok,B
263.0,0,a,B,b,ok,B
263.0,0,b,A,b,ok,A
263.0,1,a,B,b,ok,B
263.0,1,b,A,b,ok,A
263.0,2,a,B,b,ok,B
263.0,2,b,A,b,ok,A
264.0,1,a,A,a,ok,A
264.0,1,b,A,b,ok,A
264.0,0,a,B,b,ok,B
264.0,0,b,A,b,ok,A
264.0,2,a,B,b,ok,B
264.0,2,b,A,b,ok,A
265.0,0,a,A,a,ok,A
265.0,0,b,B,a,ok,B
265.0,1,a,A,a,ok,A
265.0,1,b,B,a,ok,B
265.0,2,a,A,a,ok,A
265.0,2,b,B,a,ok,B
266.0,0,a,A,a,ok,A
266.0,0,b,B,a,ok,B
266.0,1,a,A,a,ok,A
266.0,1,b,B,a,ok,B
266.0,2,a,A,a,ok,A
266.0,2,b,B,a,ok,B
267.0,0,a,A,a,ok,A
267.0,0,b,B,a,ok,B
267.0,1,a,A,a,ok,A
267.0,1,b,B,a,ok,B
267.0,2,a,A,a,ok,A
267.0,2,b,B,a,ok,B
268.0,1,a,A,a,ok,A
268.0,1,b,B,a,ok,B
268.0,0,a,B,b,ok,B
268.0,0,b,B,a,ok,B
268.0,2,a,A,a,ok,A
268.0,2,b,B,a,ok,B
269.0,0,a,A,a,ok,A
269.0,0,b,B,a,ok,B
269.0,1,a,A,a,ok,A
269.0,1,b,B,a,ok,B
269.0,2,a,A,a,ok,A
269.0,2,b,B,a,ok,B
271.0,0,a,B,b,ok,B
271.0,0,b,B,a,ok,B
271.0,1,a,B,b,ok,B
271.0,1,b,A,b,ok,A
271.0,2,a,A,a,ok,A
271.0,2,b,A,b,ok,A
273.0,0,a,B,b,ok,B
273.0,0,b,B,a,ok,B
273.0,1,a,A,a,ok,A
273.0,1,b,A,b,ok,A
273.0,2,a,B,b,ok,B
273.0,2,b,B,a,ok,B
