name,party,state,incumbent_challenge,candidate_id,office,active
"ACHILLES, TODD BAKER",INDEPENDENT,ID,Challenger,S6ID00146,Senate,C
"ADEFOPE, JOHN",REPUBLICAN PARTY,TX,Challenger,S6TX00578,Senate,N
"ADLAKHA, SARAH ANNE DR",REPUBLICAN PARTY,MS,Challenger,S6MS00109,Senate,C
"AGNEW, BROOKS ALEXANDER",REPUBLICAN PARTY,NC,Open seat,S6NC00365,Senate,N
"ALBARES, NICHOLAS S.",DEMOCRATIC PARTY,LA,Challenger,S6LA00706,Senate,C
"ALCALA, NATASHA",DEMOCRATIC PARTY,ME,Challenger,S6ME00308,Senate,N
"ALCORN, ETHAN WELD MR",UNAFFILIATED,ME,Challenger,S6ME00423,Senate,N
"ALLEN, KEITH",REPUBLICAN PARTY,TX,Challenger,S6TX00305,Senate,N
"ALLRED, COLIN",DEMOCRATIC PARTY,TX,Challenger,S4TX00722,Senate,C
"ALME, KURT",REPUBLICAN PARTY,MT,Open seat,S6MT00295,Senate,C
"ALVAREZ, ANDREW",REPUBLICAN PARTY,TX,Challenger,S6TX00370,Senate,N
"ANDREWS, ANNIE",DEMOCRATIC PARTY,SC,Challenger,S6SC04239,Senate,C
"APPELHANS, JEFFERY RYAN",DEMOCRATIC PARTY,DE,Challenger,S6DE00263,Senate,N
"ARENHOLZ, ASHLEY HINSON",REPUBLICAN PARTY,IA,Open seat,S6IA00314,Senate,C
"ARRINGTON, BRYAN LAMONT SGT.",UNAFFILIATED,UT,Challenger,S6UT00287,Senate,N
"ARRINGTON, RANDALL STEVEN PHD",REPUBLICAN PARTY,LA,Challenger,S6LA00516,Senate,N
"ARRINGTON, RANDALL STEVEN PHD",REPUBLICAN PARTY,LA,Challenger,S6LA00524,Senate,N
"ASHBY, MICAH",REPUBLICAN PARTY,AR,Challenger,S6AR00207,Senate,C
"ATKINS, JOEY MENDOZA",DEMOCRATIC PARTY,FL,Challenger,S6FL00749,Senate,C
"AUSTIN, KYLE",LIBERTARIAN PARTY,MT,Open seat,S6MT00261,Senate,C
"AXTELL SCHULTZ, DEBRA LEANNE MS",REPUBLICAN PARTY,NE,Challenger,S6NE00178,Senate,N
"AYYADURAI, SHIVA DR",INDEPENDENT,MA,Challenger,S8MA00268,Senate,C
"BAHRY, MICHAEL",INDEPENDENT,RI,Challenger,S6RI00288,Senate,C
"BAISLEY, MARK",REPUBLICAN PARTY,CO,Challenger,S6CO00507,Senate,C
"BANKHEAD, ALANI INES",DEMOCRATIC PARTY,MT,Open seat,S6MT00253,Senate,C
"BAPTISTE, ASHLEY JEAN",REPUBLICAN PARTY,FL,Challenger,S8FL00323,Senate,N
"BARR, GARLAND ANDY",REPUBLICAN PARTY,KY,Open seat,S6KY00286,Senate,C
"BARTELL, ELBERT",INDEPENDENT,GA,Challenger,S6GA00317,Senate,N
"BARTZIS, PANAGIOTI JOHN MR",REPUBLICAN PARTY,IL,Open seat,S6IL00532,Senate,N
"BAUER, ANDRE",REPUBLICAN PARTY,SC,Challenger,S6SC04262,Senate,C
"BEARDSLEY, CHRISTOPHER MR.",DEMOCRATIC PARTY,DE,Challenger,S6DE00156,Senate,C
"BEAUDION, JULIAN C",DEMOCRATIC PARTY,SD,Challenger,S6SD01125,Senate,C
"BECH, NATHAN ALEXANDER",REPUBLICAN PARTY,MA,Challenger,S6MA00270,Senate,C
"BECK, WILLIAM EVAN SCOTT",DEMOCRATIC PARTY,OK,Challenger,S6OK04155,Senate,N
"BELLOWS, SHENNA",DEMOCRATIC PARTY,ME,Challenger,S6ME00456,Senate,N
"BENAVIDEZ, BILLY ARTHUR",DEMOCRATIC PARTY,WY,,S6WY00258,Senate,N
"BENDER, ANNA",REPUBLICAN PARTY,TX,Challenger,S6TX00560,Senate,C
"BENGS, BRIAN",INDEPENDENT,SD,Challenger,S6SD01117,Senate,C
"BENHAM, KENT",REPUBLICAN PARTY,MI,Open seat,S6MI00400,Senate,N
"BENNETT, DOUGLAS",REPUBLICAN PARTY,IL,Open seat,S6IL00391,Senate,C
"BERMAN, JOHN",REPUBLICAN PARTY,IA,Open seat,S6IA00199,Senate,N
"BIBLER, BRIAN CHRISTOPHER MR",REPUBLICAN PARTY,OH,Challenger,S6OH00312,Senate,N
"BIERSCHWALE, VIRGIL",REPUBLICAN PARTY,TX,Challenger,S0TX00365,Senate,C
"BLACKWOLF, MICHAEL JAMES MR.",DEMOCRATIC PARTY,MT,Open seat,S6MT00246,Senate,C
"BLAND, DEXTER",INDEPENDENT,DE,Challenger,S6DE00164,Senate,N
"BODNAR, SETH",INDEPENDENT,MT,Open seat,S6MT00287,Senate,C
"BONDS, NICKOLAS",DEMOCRATIC PARTY,ID,Challenger,S6ID00179,Senate,N
"BOOKER, CHARLES",DEMOCRATIC PARTY,KY,Open seat,S6KY00385,Senate,C
"BOOKER, CORY A.",DEMOCRATIC PARTY,NJ,Incumbent,S4NJ00185,Senate,C
"BOTSFORD, STEVE",DEMOCRATIC PARTY,IL,Open seat,S6IL00656,Senate,C
"BOX, REAGAN",REPUBLICAN PARTY,GA,Challenger,S6GA00267,Senate,C
"BRADSHAW, MARQUITA",DEMOCRATIC PARTY,TN,Challenger,S4TN00542,Senate,N
"BRAGGS, MARNISHA BRECHE",REPUBLICAN PARTY,MI,Open seat,S6MI00558,Senate,N
"BRAY, SHANNON",LIBERTARIAN PARTY,NC,,S0NC00335,Senate,N
"BRENKUS, JASON ELLIOT",LIBERTARIAN PARTY,SC,Challenger,S6SC04338,Senate,N
"BRENNER, GARY DAVID MR JR",DEMOCRATIC PARTY,PA,Challenger,S6PA00357,Senate,N
"BRESLIN, KAREN",DEMOCRATIC PARTY,CO,Challenger,S6CO00408,Senate,C
"BREWER, MARIA A",DEMOCRATIC PARTY,TN,Challenger,S6TN00380,Senate,C
"BREWER, M SUSANNA MRS.",REPUBLICAN PARTY,OH,Challenger,S6OH00411,Senate,N
"BRIGMAN, BRADLEY",REPUBLICAN PARTY,GA,Challenger,S6GA00465,Senate,N
"BRISCO, DELBERT EUGENE MR",CONSTITUTION PARTY,WA,Challenger,S6WA00461,Senate,N
"BROOKS, CHRISTOPHER JARRED",REPUBLICAN PARTY,MN,Open seat,S6MN00523,Senate,N
"BROWN, BRANDON",DEMOCRATIC PARTY,SC,Challenger,S6SC04270,Senate,C
"BROWN, DON",REPUBLICAN PARTY,NC,Open seat,S6NC00373,Senate,C
"BROWN GAINES, JENNIFER TAWANDA",LIBERAL PARTY,TX,Challenger,S6TX00594,Senate,N
"BROWN, SCOTT P.",REPUBLICAN PARTY,NH,Open seat,S6NH00166,Senate,C
"BROWN, SHERROD",DEMOCRATIC PARTY,OH,Challenger,S6OH00163,Senate,C
"BROWN, THEODORE E. JR.",LIBERTARIAN PARTY,TX,Challenger,S4TX00888,Senate,C
"BRUCE, CATHERINE FLEMING MS.",DEMOCRATIC PARTY,SC,Challenger,S2SC00145,Senate,N
"BUCKNER, DUKE",REPUBLICAN PARTY,SC,Challenger,S6SC04395,Senate,C
"BUCKNER, WILLIAM SEAN",REPUBLICAN PARTY,OK,Challenger,S6OK04254,Senate,N
"BURBANK, CINDY",,NE,Challenger,S6NE00145,Senate,C
"BURBRIDGE, CONNOR",DEMOCRATIC PARTY,RI,Challenger,S6RI00270,Senate,C
"BURKE, TRACIE",DEMOCRATIC PARTY,LA,Challenger,S6LA00607,Senate,N
"BURTON, MARQUETT DAVON",REPUBLICAN PARTY,GA,Challenger,S6GA00457,Senate,N
"BURTON, MATTHEW SETH",REPUBLICAN PARTY,AL,Open seat,S6AL00500,Senate,C
"BUSTOS, AWISI",DEMOCRATIC PARTY,IL,Open seat,S6IL00565,Senate,C
"BYRD, JAMES WILLARD MR.",DEMOCRATIC PARTY,WY,Challenger,S6WY00217,Senate,C
"CAIN, JOSHUA",INDEPENDENT,TX,Challenger,S6TX00420,Senate,N
"CALABRESE, CARMEM VINCENT MR.",REPUBLICAN PARTY,ME,Challenger,S6ME00316,Senate,C
"CALABRESE, CARMEN VINCENT MR.",REPUBLICAN PARTY,ME,Challenger,S6ME00324,Senate,C
"CALDERON, AMANDA J JILLIAN MRS",REPUBLICAN PARTY,CO,Challenger,S6CO00523,Senate,N
"CALHOUN, LEE",REPUBLICAN PARTY,MT,,S6MT00329,Senate,C
"CALLAHAN, SAXON",DEMOCRATIC PARTY,NJ,Challenger,S6NJ00354,Senate,N
"CAMERON, DANIEL",REPUBLICAN PARTY,KY,Open seat,S6KY00237,Senate,C
"CAMPBELL, CHRISTOPHER TODD",OTHER,KY,Open seat,S6KY00377,Senate,C
"CANADY, SARA LARUE",REPUBLICAN PARTY,TX,Challenger,S6TX00545,Senate,C
"CAPITO, SHELLEY MOORE",REPUBLICAN PARTY,WV,Incumbent,S4WV00159,Senate,C
"CAPPARELL, CHRISTOPHER PAUL",REPUBLICAN PARTY,GA,Challenger,S6GA00358,Senate,N
"CAPPARELLI, R CARY",REPUBLICAN PARTY,IL,Open seat,S6IL00490,Senate,C
"CARDUCCI, NICHOLAS MATTHEW",INDEPENDENT,NJ,Challenger,S4NJ00342,Senate,N
"CARLIN, JAMES",REPUBLICAN PARTY,IA,Open seat,S6IA00249,Senate,C
"CARLSON, OWEN",DEMOCRATIC PARTY,CA,Challenger,S6CA01103,Senate,N
"CARLSON, OWEN NICHOLAS",LIBERTY UNION PARTY,DC,Challenger,S6DC00022,Senate,N
"CARLSON, OWEN NICHOLAS",VETERANS PARTY,WV,Challenger,S6WV00220,Senate,N
"CARLSON, OWEN NICHOLAS",PERSONAL CHOICE PARTY,VI,Challenger,S6VI00018,Senate,N
"CARLSON, OWEN NICHOLAS",NONE,VA,Challenger,S6VA00242,Senate,N
"CARLSON, OWEN NICHOLAS",NO PARTY AFFILIATION,PR,Challenger,S6PR00017,Senate,N
"CARLSON, OWEN NICHOLAS",NEW JERSEY CONSERVATIVE PARTY,NJ,Challenger,S6NJ00461,Senate,N
"CARLSON, OWEN NICHOLAS",U.S. TAXPAYERS PARTY,TN,Challenger,S6TN00430,Senate,N
"CARLSON, OWEN NICHOLAS",NON-PARTY,AR,Challenger,S6AR00231,Senate,N
"CARLSON, OWEN NICHOLAS",NO PARTY AFFILIATION,PR,Challenger,S6PR00017,Senate,N
"CARLSON, OWEN NICHOLAS",LIBERAL PARTY,HI,Challenger,S6HI00313,Senate,N
"CARLSON, OWEN NICHOLAS",ONE EARTH PARTY,NC,Open seat,S6NC00589,Senate,N
"CARLSON, OWEN NICHOLAS",U.S. TAXPAYERS PARTY,TN,Challenger,S6TN00430,Senate,N
"CARLSON, OWEN NICHOLAS",TAXPAYERS,ME,Challenger,S6ME00472,Senate,N
"CARLSON, OWEN NICHOLAS",PEACE AND FREEDOM,PA,Challenger,S6PA00381,Senate,N
"CARLSON, OWEN NICHOLAS",INDEPENDENT CONSERVATIVE DEMOCRATIC,UT,Challenger,S6UT00295,Senate,N
"CARLSON, OWEN NICHOLAS",JEWISH/CHRISTIAN NATIONAL,MD,Challenger,S6MD03698,Senate,N
"CARLSON, OWEN NICHOLAS",VETERANS PARTY,WV,Challenger,S6WV00220,Senate,N
"CARLSON, OWEN NICHOLAS",LIBERTY UNION PARTY,DC,Challenger,S6DC00022,Senate,N
"CARLSON, OWEN NICHOLAS",NONE,VA,Challenger,S6VA00242,Senate,N
"CARLSON, OWEN NICHOLAS",NEW JERSEY CONSERVATIVE PARTY,NJ,Challenger,S6NJ00461,Senate,N
"CARLSON, OWEN NICHOLAS",INDEPENDENT,NV,Challenger,S6NV00366,Senate,N
"CARRARO, JOSEPH JOHN",INDEPENDENT,NM,Challenger,S6NM01194,Senate,N
"CARTER, EARL LEROY",REPUBLICAN PARTY,GA,Challenger,S6GA00374,Senate,C
"CASSIDY, WILLIAM M.",REPUBLICAN PARTY,LA,Incumbent,S4LA00107,Senate,C
"CASSITY, R.O.",DEMOCRATIC PARTY,OK,Challenger,S0OK00420,Senate,N
"CATLETT, ANISSA",REPUBLICAN PARTY,KY,Open seat,S6KY00401,Senate,N
"CHANDLER, THARON",INDEPENDENT,TN,,S4TN00583,Senate,N
"CHANNON, MATT",REPUBLICAN PARTY,NM,Challenger,S6NM01178,Senate,N
"CHAPMAN, CHRISTOPH LA'FLARE",REPUBLICAN PARTY,GA,Challenger,S6GA00291,Senate,N
"CHEW, BOB",OTHER,CO,Challenger,S6CO00556,Senate,C
"CHEW, ROBERT",,CO,Challenger,S6CO00549,Senate,C
"CHICK, CAMERON ALTON MR. SR.",INDEPENDENT,NM,Challenger,S6NM01152,Senate,N
"CHLEBEK, CASIMER MR.",REPUBLICAN PARTY,IL,Open seat,S6IL00466,Senate,C
"CHRISTENSEN, LYDIA LYNN",LIBERTARIAN PARTY,MI,Open seat,S6MI00442,Senate,N
"CHURCHILL, PANO DR",INDEPENDENT,FL,Challenger,S6FL00905,Senate,N
"CLEMENT, CHRISTINA LOREN REV DR TRUSTE",REPUBLICAN PARTY,GA,Challenger,S6GA00366,Senate,C
"COLBERT, MICHAEL",REPUBLICAN PARTY,AL,Open seat,S6AL00526,Senate,N
"COLLINS, MICHAEL A JR",REPUBLICAN PARTY,GA,Challenger,S6GA00390,Senate,C
"COLLINS, SUSAN M.",REPUBLICAN PARTY,ME,Incumbent,S6ME00159,Senate,C
"COLOM, SCOTT",DEMOCRATIC PARTY,MS,Challenger,S6MS00133,Senate,C
"COLON, ROBERT",DEMOCRATIC PARTY,NC,,S2NC00745,Senate,N
"COONS, CHRISTOPHER A.",DEMOCRATIC PARTY,DE,Incumbent,S0DE00092,Senate,C
"COOPER, ROY",DEMOCRATIC PARTY,NC,Open seat,S6NC00407,Senate,C
"COPPOLA, ALEC",REPUBLICAN PARTY,DE,,S6DE00214,Senate,N
"CORNYN, JOHN SEN",REPUBLICAN PARTY,TX,Incumbent,S2TX00106,Senate,C
"COSTELLO, DAVID",DEMOCRATIC PARTY,ME,Challenger,S4ME00113,Senate,C
"COTTONHAM, MARKEDA ANN",REPUBLICAN PARTY,LA,Challenger,S6LA00656,Senate,N
"COTTON, THOMAS",REPUBLICAN PARTY,AR,Incumbent,S4AR00103,Senate,C
"COWEN, CALVIN",REPUBLICAN PARTY,SC,Challenger,S6SC04379,Senate,C
"COYNE, JOHN F III",REPUBLICAN PARTY,GA,,S4GA11202,Senate,N
"CRAIG, ANGIE",DEMOCRATIC PARTY,MN,Open seat,S6MN00499,Senate,C
"CROCKETT, GARY",DEMOCRATIC PARTY,LA,Challenger,S6LA00680,Senate,C
"CROCKETT, JASMINE",DEMOCRATIC PARTY,TX,Challenger,S6TX00552,Senate,C
"CRUZ, PAUL RON",DEMOCRATIC PARTY,FL,Challenger,S6FL00723,Senate,N
"DAINES, STEVE",REPUBLICAN PARTY,MT,Incumbent,S2MT00096,Senate,C
"DALE, CLINTON ROOSEVELT",INDEPENDENT,CO,Challenger,S4CO00452,Senate,N
"DANIELS, LORITA DR.",DEMOCRATIC PARTY,VA,Challenger,S6VA00184,Senate,C
"DANSIE, RICHARD",REPUBLICAN PARTY,NC,Open seat,S6NC00472,Senate,N
"DANS, PAUL",REPUBLICAN PARTY,SC,Challenger,S6SC04296,Senate,C
"DAVIS, CHRISTY",DEMOCRATIC PARTY,KS,Challenger,S6KS00247,Senate,C
"DAVIS, JAMIE",DEMOCRATIC PARTY,LA,Challenger,S6LA00615,Senate,C
"DAWICKI, MORGAN GIFFORD",INDEPENDENT,MA,Challenger,S6MA00262,Senate,C
"DEAN, JONATHAN",DEMOCRATIC PARTY,IL,Open seat,S6IL00623,Senate,C
"DEATON, JOHN",REPUBLICAN PARTY,MA,Challenger,S6MA00304,Senate,C
"DEBERRY, SHAUNESI YVETTE",INDEPENDENT,NC,Open seat,S6NC00399,Senate,N
"DEBERRY, SHAUNESI YVETTE",INDEPENDENT,NC,Open seat,S6NC00381,Senate,N
"DELGADO, ADAM",DEMOCRATIC PARTY,IL,Open seat,S6IL00607,Senate,C
"DENDY, TRACY COLLENE",REPUBLICAN PARTY,LA,Challenger,S6LA00599,Senate,N
"DE PAULA, ALEX",REPUBLICAN PARTY,VA,Challenger,S6VA00226,Senate,C
"DIENER, ANN",DEMOCRATIC PARTY,AK,Challenger,S6AK00235,Senate,N
"DIMOLA, FRANK",DEMOCRATIC PARTY,FL,Challenger,S6FL00731,Senate,N
"DISMUKES, THOMAS KEITH",REPUBLICAN PARTY,SC,Challenger,S6SC04361,Senate,C
"DODSON, MATT",DEMOCRATIC PARTY,NM,Challenger,S6NM01145,Senate,C
"DOOLEY, DEREK",REPUBLICAN PARTY,GA,Challenger,S6GA00408,Senate,C
"DOUGHERTY, KAEL",DEMOCRATIC PARTY,FL,Challenger,S6FL00566,Senate,N
"DUBLIN, MICHAEL LOUIS JR.",GREEN PARTY,NC,Open seat,S6NC00563,Senate,N
"DUES, JUSTIN",DEMOCRATIC PARTY,NC,Open seat,S6NC00456,Senate,N
"DUNBAR, ETHAN N SR.",DEMOCRATIC PARTY,AR,Challenger,S6AR00173,Senate,C
"DUNCAN, ALEXANDER",REPUBLICAN PARTY,TX,Challenger,S6TX00339,Senate,N
"DUNCAN, ALEXANDER",REPUBLICAN PARTY,TX,Challenger,S6TX00354,Senate,N
"DUNCAN, JAMES D",REPUBLICAN PARTY,KY,Open seat,S6KY00419,Senate,N
"DUNCAN, SCOTT MICHEAL",INDEPENDENT,KY,Open seat,S6KY00195,Senate,N
"DUNN, EDWARD MR.",REPUBLICAN PARTY,NE,Challenger,S6NE00137,Senate,N
"DUPRE, MARGOT",REPUBLICAN PARTY,NC,Open seat,S6NC00449,Senate,C
"DURBIN, RICHARD J.",DEMOCRATIC PARTY,IL,Incumbent,S6IL00151,Senate,C
"EICHELBERGER, GREGORY",DEMOCRATIC PARTY,VA,Challenger,S6VA00192,Senate,C
"ELLISON, JACK",NONE,SC,Challenger,S6SC04221,Senate,N
"EL-SAYED, ABDUL",DEMOCRATIC PARTY,MI,Open seat,S6MI00418,Senate,C
"EMERSON, JULIE CATHRYN",REPUBLICAN PARTY,LA,Challenger,S6LA00581,Senate,C
"ENGLAND, GARY TY MR.",REPUBLICAN PARTY,OK,Challenger,S6OK04288,Senate,C
"ERNST, JONI K",REPUBLICAN PARTY,IA,Incumbent,S4IA00129,Senate,C
"ESTRADA, MICHAEL",INDEPENDENT,NJ,Challenger,S4NJ00524,Senate,C
"EVANS, DAVID ALAN",INDEPENDENT,ME,Challenger,S6ME00399,Senate,C
"EVANS, JEANNIE",REPUBLICAN PARTY,IL,Open seat,S6IL00672,Senate,C
"EVANS, JOE",REPUBLICAN PARTY,ID,Challenger,S6ID00120,Senate,C
"EVANS, JONATHAN DERRICK",REPUBLICAN PARTY,WV,Challenger,S6WV00147,Senate,C
"EVANS, RONALD JR",INDEPENDENT,TX,Challenger,S6TX00446,Senate,N
"FARINGTON, KIM",REPUBLICAN PARTY,VA,Challenger,S6VA00143,Senate,C
"FARIS, MICHAEL",REPUBLICAN PARTY,KY,Open seat,S6KY00260,Senate,C
"FARIS, MICHAEL JAMES",REPUBLICAN PARTY,KY,Open seat,S6KY00278,Senate,C
"FARIS, STEPHEN I MR",INDEPENDENT,OH,Challenger,S8OH00144,Senate,C
"FARMS, WILLIAM",DEMOCRATIC PARTY,OH,Challenger,S6OH00320,Senate,N
"FARROW, DARYL",DEMOCRATIC PARTY,NC,,S6NC00530,Senate,N
"FAVREAU, TUCKER",DEMOCRATIC PARTY,ME,Challenger,S6ME00357,Senate,C
"FERNANDEZ, VERONICA",INDEPENDENT,NJ,Challenger,S0NJ00258,Senate,N
"FETTY ANDERSON, RACHEL LEE",DEMOCRATIC PARTY,WV,Challenger,S6WV00188,Senate,C
"FIELDS, CHRIS",DEMOCRATIC PARTY,NJ,Challenger,S6NJ00404,Senate,N
"FLANAGAN, MARGARET",DEMOCRATIC-FARMER-LABOR,MN,Open seat,S6MN00440,Senate,C
"FLEMING, JOHN C. JR.",REPUBLICAN PARTY,LA,Challenger,S6LA00318,Senate,C
"FLEMING, NATALIE M",UNAFFILIATED,ID,Challenger,S0ID00172,Senate,N
"FORBES, WILLIAM",DEMOCRATIC PARTY,NE,Challenger,S6NE00160,Senate,N
"FORD, CAMENCIA",NONE,TX,Challenger,S6TX00404,Senate,N
"FORSYTHE, LOGAN",DEMOCRATIC PARTY,KY,Open seat,S6KY00328,Senate,C
"FREEMAN, KYLE ODONNELL",DEMOCRATIC PARTY,SC,Challenger,S6SC04197,Senate,C
"FRY, RUSSELL",REPUBLICAN PARTY,SC,Challenger,S6SC04403,Senate,C
"FULKERSON, HEATH VINCENT",REPUBLICAN PARTY,CA,Challenger,S6CA01046,Senate,N
"GAASERUD, ALEXANDER",REPUBLICAN PARTY,WV,Challenger,S6WV00154,Senate,N
"GATES, WILLIAM FRANCIS MR.",DEMOCRATIC PARTY,MA,Challenger,S6MA00312,Senate,N
"GILESPIE, NEIL JOSEPH",NO PARTY AFFILIATION,FL,Challenger,S6FL00863,Senate,C
"GIOVONIZZI, MATTHEW S",NON-PARTY,NH,Open seat,S6NH00158,Senate,N
"GIRACELLO, CHRISTOPHER",DEMOCRATIC PARTY,SC,Challenger,S6SC04254,Senate,N
"GLASER, CINDY E",INDEPENDENT,SC,Challenger,S6SC04304,Senate,N
"GLASGOW, VALMA K",DEMOCRATIC PARTY,AL,Open seat,S6AL00401,Senate,N
"GLEASON, CHRISTOPHER",REPUBLICAN PARTY,FL,Challenger,S6FL00848,Senate,C
"GONZALES, JULIE",DEMOCRATIC PARTY,CO,Challenger,S6CO00499,Senate,C
"GOODMAN, JOHN",REPUBLICAN PARTY,IL,Open seat,S6IL00425,Senate,C
"GOULD, CHARLES AKA ALEX A",DEMOCRATIC PARTY,FL,Challenger,S6FL00699,Senate,N
"GRAHAM, DARLINE",REPUBLICAN PARTY,SC,,S6SC04437,Senate,C
"GRAHAM, LINDSEY O.",REPUBLICAN PARTY,SC,Incumbent,S0SC00149,Senate,C
"GRANDA, GRACE",UNKNOWN,FL,Challenger,S2FL00425,Senate,N
"GRAYSON, ALAN MARK",DEMOCRATIC PARTY,FL,Challenger,S2FL00581,Senate,C
"GREEN, CARMEN CHARMAINE",AMERICAN INDEPENDENT PARTY,IN,Challenger,S6IN00282,Senate,N
"GREEN, TROY WESLEY",DEMOCRATIC PARTY,OK,Challenger,S6OK04171,Senate,C
"GRUENHAGEN, ALYCIA",REPUBLICAN PARTY,MN,Open seat,S6MN00507,Senate,N
"HAFNER, CAROL",DEMOCRATIC PARTY,AK,Challenger,S6AK00284,Senate,N
"HAGEMAN, HARRIET",REPUBLICAN PARTY,WY,Open seat,S6WY00209,Senate,C
"HAGERTY, BILL",REPUBLICAN PARTY,TN,Incumbent,S0TN00169,Senate,C
"HALL, BRADFORD WINSTON",WRITE-IN,TX,Challenger,S6TX00636,Senate,N
"HAMILTON, ADAM",DEMOCRATIC PARTY,KS,Challenger,S6KS00312,Senate,C
"HAMILTON, MICHAELANGELO COLLINS",REPUBLICAN PARTY,FL,Challenger,S6FL00632,Senate,N
"HAMMOND, ALYSSIA ROSE-KATHERINE",DEMOCRATIC PARTY,NC,Open seat,S6NC00514,Senate,N
"HAMPTON, EDWARD J MR",REPUBLICAN PARTY,AZ,Challenger,S6AZ00415,Senate,N
"HANKINS, NICKY JOE",REPUBLICAN PARTY,OK,Challenger,S6OK04213,Senate,N
"HANKINS, NICKY JOE",REPUBLICAN PARTY,OK,Challenger,S6OK04239,Senate,N
"HANN, DAVID W",REPUBLICAN PARTY,MN,Open seat,S6MN00531,Senate,C
"HANSEN, E. NO-TRUMP",DEMOCRATIC PARTY,DE,Challenger,S6DE00271,Senate,N
"HANSEN, ERIC",DEMOCRATIC PARTY,DE,,S4DE00094,Senate,N
"HARRINGTON, WHITFIELD MR JR",INDEPENDENT,IL,Open seat,S6IL00680,Senate,C
"HART, JASON",DEMOCRATIC PARTY,KS,Challenger,S6KS00304,Senate,C
"HASLEY, BRASHAD D",DEMOCRATIC PARTY,CO,Challenger,S6CO00473,Senate,C
"HASSAN, AHMAD",DEMOCRATIC PARTY,TX,,S4TX00821,Senate,N
"HEIKES, GERALD L. (JERRY)",REPUBLICAN PARTY,AK,,S8AK00140,Senate,N
"HENRY, CHRIS",DEMOCRATIC PARTY,IA,Open seat,S6IA00306,Senate,N
"HERN, KEVIN",REPUBLICAN PARTY,OK,Challenger,S6OK04247,Senate,C
"HERRMANN, PATRICK JOSEPH",REPUBLICAN PARTY,SC,Challenger,S6SC04346,Senate,C
"HEURTEBISE, FREDERICK",REPUBLICAN PARTY,MI,Open seat,S6MI00384,Senate,C
"HICKENLOOPER, JOHN W.",DEMOCRATIC PARTY,CO,Incumbent,S0CO00575,Senate,C
"HOLDER, CHRISTOPHER LEE MR.",REPUBLICAN PARTY,LA,Challenger,S6LA00490,Senate,C
"HOLLIMAN, ANTHONY JOHN",INDEPENDENT,OH,Challenger,S6OH00437,Senate,N
"HOLLIMAN, ETHAN CLAY",REPUBLICAN PARTY,SC,Challenger,S6SC04189,Senate,N
"HOLTZ, JOHN",REPUBLICAN PARTY,WY,,S8WY00213,Senate,N
"HOUSE DARDEN, DUSTIN THOMAS",REPUBLICAN PARTY,AK,Challenger,S6AK00268,Senate,N
"HOWARD, JAMES GREGORY MR JR",DEMOCRATIC PARTY,AL,Open seat,S6AL00419,Senate,N
"HOWARD, RACHEL ELIZABETH",DEMOCRATIC PARTY,MI,Open seat,S6MI00467,Senate,C
"HUDSON, JARED",REPUBLICAN PARTY,AL,Challenger,S6AL00443,Senate,C
"HUMMERT, MICHAEL",DEMOCRATIC PARTY,MT,Open seat,S4MT00217,Senate,C
"HUNT, WESLEY",REPUBLICAN PARTY,TX,Challenger,S6TX00511,Senate,C
"HUSE, RODGER",,TX,Challenger,S6TX00602,Senate,N
"HUSTED, JON",REPUBLICAN PARTY,OH,Incumbent,S6OH00304,Senate,C
"HYDE-SMITH, CINDY",REPUBLICAN PARTY,MS,Incumbent,S8MS00261,Senate,C
"INHOFE, JAMES M. SEN.",REPUBLICAN PARTY,OK,Challenger,S4OK00083,Senate,C
"INNIS, DAN",REPUBLICAN PARTY,NH,Open seat,S6NH00174,Senate,C
"JACKSON, DEVELLE LAVAUGHN",INDEPENDENT,GA,Challenger,S6GA00275,Senate,N
"JACKSON, TROY DALE",DEMOCRATIC PARTY,ME,Challenger,S6ME00464,Senate,N
"JANDRON, TOM",LIBERTARIAN PARTY,MT,Open seat,S6MT00311,Senate,N
"JENKINS, JENNIFER",DEMOCRATIC PARTY,FL,Challenger,S6FL00798,Senate,C
"JOHNSON, CONSTANCE ""CONNIE""",OTHER,NC,,S6NC00431,Senate,N
"JOHNSON II, CRAIG HENLEY MR II",INDEPENDENT,MI,Open seat,S6MI00475,Senate,N
"JOHNSON, LEE",DEMOCRATIC PARTY,SC,Challenger,S6SC04288,Senate,C
"JOHNSON, RACHEAL ALISA",DEMOCRATIC PARTY,NY,Challenger,S6NY00474,Senate,N
"JOHNSON, THOMAS LEE",REPUBLICAN PARTY,NC,Open seat,S6NC00480,Senate,C
"JOHN, XAN MR.",REPUBLICAN PARTY,LA,Challenger,S6LA00508,Senate,N
"JONES, DATHAN CHARLES",REPUBLICAN PARTY,CO,Challenger,S6CO00481,Senate,N
"JONES, LLOYD",REPUBLICAN PARTY,IL,Open seat,S6IL00664,Senate,N
"JONES, ROBERT THOMAS",INDEPENDENT,TN,Challenger,S6TN00372,Senate,N
"JOSHI, JANAK",REPUBLICAN PARTY,CO,Challenger,S6CO00440,Senate,C
"KAMAL, ANDREW",REPUBLICAN PARTY,MI,Open seat,S6MI00491,Senate,N
"KATZ, MICHAEL S DR.",REPUBLICAN PARTY,DE,Challenger,S6DE00206,Senate,C
"KEENER, LOGAN BENJAMIN DR",REPUBLICAN PARTY,NC,Open seat,S6NC00555,Senate,N
"KEHOE, CHRISTOPHER",DEMOCRATIC PARTY,MT,Open seat,S6MT00303,Senate,N
"KELLY, ROBIN",DEMOCRATIC PARTY,IL,Open seat,S6IL00474,Senate,C
"KENNEDY, WENDE CAROL MS",REPUBLICAN PARTY,KY,Open seat,S6KY00229,Senate,N
"KESSLER, JEFFREY VINCENT",DEMOCRATIC PARTY,WV,Challenger,S6WV00196,Senate,C
"KHAN, GULREZ",REPUBLICAN PARTY,TX,Challenger,S6TX00362,Senate,C
"KINCAID, RONALD E JR",DEMOCRATIC PARTY,OH,Challenger,S6OH00361,Senate,C
"KING, JOHN",REPUBLICAN PARTY,GA,Challenger,S6GA00382,Senate,C
"KLEBAN, DAN",DEMOCRATIC PARTY,ME,Challenger,S6ME00381,Senate,C
"KOHLER, JOSEPH ANTHONY",DEMOCRATIC PARTY,NY,Challenger,S6NY00458,Senate,N
"KOHLER, JOSEPH ANTHONY",DEMOCRATIC PARTY,NY,Challenger,S6NY00441,Senate,N
"KOHLHAAS, SCOTT A.",LIBERTARIAN PARTY,AK,,S8AK00066,Senate,N
"KOVALY, ROBERT",TAXPAYERS,MI,Open seat,S6MI00541,Senate,N
"KRISHNAMOORTHI, S",DEMOCRATIC PARTY,IL,Open seat,S6IL00482,Senate,C
"KUEBLER, JOSHUA WILLIAM",INDEPENDENT,CO,Challenger,S6CO00390,Senate,N
"LABRANCHE, JAMIE",WRITE-IN,LA,Challenger,S6LA00557,Senate,N
"LAEHN, THOMAS RAYMOND DR.",LIBERTARIAN PARTY,IA,Open seat,S6IA00181,Senate,C
"LAFLAMME, ANDREA",DEMOCRATIC PARTY,ME,Challenger,S6ME00340,Senate,C
"LAMARE, DENNIS",REPUBLICAN PARTY,NH,Open seat,S6NH00216,Senate,N
"LANG, JAKE",REPUBLICAN PARTY,FL,Challenger,S6FL00657,Senate,C
"LAPLANTE, EDMOND",,NH,Open seat,S2NH00223,Senate,N
"LAPORTE, CHASE",REPUBLICAN PARTY,KS,Challenger,S6KS00254,Senate,N
"LAROSE, JOSUE ECONOMIST",REPUBLICAN PARTY,FL,Challenger,S6FL00624,Senate,N
"LARRIETT, DAKARAI",DEMOCRATIC PARTY,AL,Open seat,S6AL00427,Senate,C
"LATZ, KEVIN",DEMOCRATIC PARTY,KS,Challenger,S6KS00320,Senate,C
"LAU, LYNNEA MS.",DEMOCRATIC PARTY,OH,Challenger,S6OH00338,Senate,N
"LAVANN, REBEKAH JEQETTA",DEMOCRATIC PARTY,OK,Challenger,S6OK04189,Senate,N
"LAVE, DENNY",REPUBLICAN PARTY,ID,Challenger,S6ID00161,Senate,C
"LAVENDER, LAMONT",DEMOCRATIC PARTY,AL,Open seat,S6AL00492,Senate,N
"L, BEN R JR.",REPUBLICAN PARTY,NM,Challenger,S6NM01129,Senate,N
"LEAVELL, STANLEY MR.",DEMOCRATIC PARTY,IL,Open seat,S6IL00433,Senate,N
"LEBOVICS, ROBERT",REPUBLICAN PARTY,NJ,Challenger,S6NJ00438,Senate,C
"LEGETTE, KIA",DEMOCRATIC PARTY,GA,Challenger,S6GA00424,Senate,N
"LESLIE, DAVID BRYAN",DEMOCRATIC PARTY,AK,Challenger,S6AK00300,Senate,N
"LETLOW, JULIA",REPUBLICAN PARTY,LA,Challenger,S6LA00664,Senate,C
"LEVY, GREGORY LEE",INDEPENDENT,OH,Challenger,S6OH00395,Senate,C
"LINDLEY, JON",INDEPENDENT,RI,Challenger,S6RI00254,Senate,N
"LITTELL, ALBERT R",DEMOCRATIC PARTY,MS,Challenger,S6MS00117,Senate,N
"LITTLE, JEB",REPUBLICAN PARTY,AR,Challenger,S6AR00215,Senate,C
"LONG, PAMELA",REPUBLICAN PARTY,IL,Open seat,S6IL00540,Senate,C
"LONG, TIMOTHY E",U.S. TAXPAYERS PARTY,MI,,S6MI00566,Senate,N
"LOPEZ FRANZEN, MELISA",DEMOCRATIC PARTY,MN,Open seat,S6MN00465,Senate,C
"LOUD, PAIGE",DEMOCRATIC PARTY,ME,Challenger,S6ME00431,Senate,C
"LOUIS, DONAVAN ARTHUR MR",INDEPENDENT,SC,Challenger,S6SC04353,Senate,N
"LOUVE, MARY",DEMOCRATIC PARTY,DE,Challenger,S6DE00230,Senate,N
"LUJAN, BEN RAY",DEMOCRATIC PARTY,NM,Incumbent,S0NM00058,Senate,C
"LUMMIS, CYNTHIA MARIE MRS.",REPUBLICAN PARTY,WY,Incumbent,S0WY00137,Senate,C
"LYLES, TAMIKA MS",DEMOCRATIC PARTY,FL,Challenger,S6FL00673,Senate,C
"LYNCH, MARK",REPUBLICAN PARTY,SC,Challenger,S6SC04213,Senate,C
"MALDONADO, JUSTIN JUAN",INDEPENDENT,NJ,Challenger,S6NJ00446,Senate,N
"MANCE, PATRICIA ANNETTE MISS",,NY,Challenger,S6NY00466,Senate,N
"MANN, RENNIE HILL",REPUBLICAN PARTY,TX,Challenger,S6TX00297,Senate,N
"MANZUR, KARISHMA",DEMOCRATIC PARTY,NH,Open seat,S6NH00182,Senate,C
"MARCHAND MINCIELI, PAIGE SUNDANCE",REPUBLICAN PARTY,FL,Challenger,S6FL00947,Senate,N
"MARKER, LARRY E",REPUBLICAN PARTY,NM,Challenger,S6NM01186,Senate,C
"MARKERT, GEORGE WASHINGTON MR V",REPUBLICAN PARTY,CO,Challenger,S6CO00424,Senate,C
"MARKEY, EDWARD SEN.",DEMOCRATIC PARTY,MA,Incumbent,S4MA00028,Senate,C
"MARSHALL, ROGER W",REPUBLICAN PARTY,KS,Incumbent,S0KS00315,Senate,C
"MARSHALL, STEVEN T",REPUBLICAN PARTY,AL,Challenger,S6AL00450,Senate,C
"MARSH, DOUGLAS PHILIP",GREEN PARTY,MI,Open seat,S4MI00512,Senate,N
"MARTIN, ANDY",REPUBLICAN PARTY,NH,,S4NH00096,Senate,N
"MARVIN, MIKE",OTHER,NE,Challenger,S6NE00152,Senate,C
"MATTHEWS, YOSHI D.",INDEPENDENT,TN,Challenger,S6TN00364,Senate,N
"MAXWELL, BRYAN",DEMOCRATIC PARTY,IL,Open seat,S6IL00649,Senate,C
"MCALMOND, RUSSELL",REPUBLICAN PARTY,OR,Challenger,S6OR05200,Senate,N
"MCBRIDE, EVELYN JANE'-MARIE DR",DEMOCRATIC PARTY,FL,Challenger,S6FL00665,Senate,N
"MCBRIDE, MARK STROTHERS",REPUBLICAN PARTY,SC,,S4SC00117,Senate,N
"MCCANTS, KEVIN LEE MR.",DEMOCRATIC PARTY,TN,Challenger,S6TN00406,Senate,N
"MCCOLUMN, JONATHAN MR",REPUBLICAN PARTY,GA,Challenger,S2GA00282,Senate,C
"MCCONNELL, MITCH",REPUBLICAN PARTY,KY,Incumbent,S2KY00012,Senate,C
"MCCORMICK, LISA",DEMOCRATIC PARTY,NJ,Challenger,S6NJ00388,Senate,N
"MCELWAIN, HEATHER G",REPUBLICAN PARTY,AK,Challenger,S6AK00292,Senate,N
"MCGINNIS, BRIAN",GREEN PARTY,NC,Open seat,S6NC00464,Senate,C
"MCGRATH, AMY",DEMOCRATIC PARTY,KY,Open seat,S0KY00339,Senate,C
"MCGUIRE, DOUGLAS RYAN",REPUBLICAN PARTY,IN,Challenger,S6IN00233,Senate,N
"MCGUIRE, DOUGLAS RYAN",REPUBLICAN PARTY,IN,Challenger,S6IN00266,Senate,N
"MCGUIRE, DOUGLAS RYAN",REPUBLICAN PARTY,IN,Challenger,S6IN00241,Senate,N
"MCGUIRE, DOUGLAS RYAN",REPUBLICAN PARTY,IN,Challenger,S6IN00258,Senate,N
"MCGURR, MATTHEW E.",DEMOCRATIC PARTY,CA,Challenger,S6CA01038,Senate,N
"MCKAY, RAYMOND TYLER MR",REPUBLICAN PARTY,RI,Challenger,S4RI00051,Senate,C
"MCKINNEY, BRYAN",REPUBLICAN PARTY,WV,Challenger,S4WV00365,Senate,N
"MCLAUGHLIN, KATE",DEMOCRATIC PARTY,MT,Open seat,S6MT00279,Senate,N
"MCMORROW, MALLORY",DEMOCRATIC PARTY,MI,Open seat,S6MI00392,Senate,C
"MCNABB, BARRETT ANTHONY",REPUBLICAN PARTY,TX,Challenger,S6TX00347,Senate,C
"MCNEAL, JUSTIN S",REPUBLICAN PARTY,SD,Challenger,S6SD01133,Senate,C
"MCNULTY, JANET",REPUBLICAN PARTY,WV,,S4WV00407,Senate,C
"MEAD, SAMUEL",REPUBLICAN PARTY,WY,Challenger,S6WY00225,Senate,C
"MEINHARDT, RON",INDEPENDENT,OK,Challenger,S6OK04205,Senate,C
"MERKLEY, JEFFREY ALAN",DEMOCRATIC PARTY,OR,Incumbent,S8OR00207,Senate,C
"MIGUEZ, BLAKE",REPUBLICAN PARTY,LA,Challenger,S6LA00540,Senate,C
"MIKLOS, CHRISTOPHER",REPUBLICAN PARTY,AK,Challenger,S6AK00243,Senate,N
"MILLER-WATKINS, CIVIL",DEMOCRATIC PARTY,TN,,S4TN00534,Senate,N
"MILLS, JANET TRAFTON",DEMOCRATIC PARTY,ME,Challenger,S6ME00407,Senate,C
"MINA, ALDOUS D",REPUBLICAN PARTY,VA,Challenger,S0VA00112,Senate,N
"MINER, NICHOLE",DEMOCRATIC PARTY,CO,Challenger,S6CO00416,Senate,N
"MINK, AUSTIN JAMES",INDEPENDENT,IL,Open seat,S8IL00215,Senate,N
"MISSERI, MICHAEL",,NJ,Challenger,S6NJ00370,Senate,N
"MITCHELL, DARIUS L.",REPUBLICAN PARTY,SC,,S6SC04387,Senate,N
"MIXON, ANDREW WOODRUFF MR",FEDERALIST,TN,Challenger,S6TN00331,Senate,N
"MIXON, ANDREW WOODRUFF MR",INDEPENDENT,TN,Challenger,S6TN00323,Senate,N
"MIZUSAWA, BERT K",REPUBLICAN PARTY,VA,Challenger,S8VA00321,Senate,C
"MOODY, ASHLEY",REPUBLICAN PARTY,FL,Incumbent,S6FL00640,Senate,C
"MOORE, FELIX BARRY",REPUBLICAN PARTY,AL,Open seat,S6AL00476,Senate,C
"MORAN, MARK",INDEPENDENT,VA,Challenger,S6VA00218,Senate,N
"MORGUL, EMILY",DEMOCRATIC PARTY,TX,Challenger,S6TX00453,Senate,N
"MOROTT, JOSHUA",REPUBLICAN PARTY,LA,Challenger,S6LA00565,Senate,N
"MORRIS, NATE",REPUBLICAN PARTY,KY,Open seat,S6KY00302,Senate,C
"MORROW, MICHELE",REPUBLICAN PARTY,NC,Open seat,S6NC00522,Senate,C
"MORSE, CHUCK",REPUBLICAN PARTY,NH,Open seat,S2NH00249,Senate,N
"MOULTON, SETH",DEMOCRATIC PARTY,MA,Challenger,S6MA00296,Senate,C
"MUHAMMAD, TYRONE",INDEPENDENT,IL,Open seat,S6IL00557,Senate,N
"MUJICA, HECTOR DANIEL",DEMOCRATIC PARTY,FL,Challenger,S6FL00806,Senate,C
"MULLIN, MARKWAYNE",REPUBLICAN PARTY,OK,Incumbent,S2OK00186,Senate,C
"MUNOZ, LUIS DANIEL DR",DEMOCRATIC PARTY,RI,Challenger,S6RI00304,Senate,N
"MURPHY, JUSTIN MICHAEL LL.M.",REPUBLICAN PARTY,NJ,Challenger,S4NJ00532,Senate,C
"MURPHY, MICHAEL ANTHONY",DEMOCRATIC PARTY,PA,Challenger,S6PA00332,Senate,N
"MURPHY, MORGAN W. W.",REPUBLICAN PARTY,AL,Open seat,S6AL00484,Senate,C
"MURRAY, ERIK",DEMOCRATIC PARTY,KS,Challenger,S6KS00270,Senate,C
"NEILL, REILLY",DEMOCRATIC PARTY,MT,Open seat,S6MT00238,Senate,C
"NICKEL, WILEY",DEMOCRATIC PARTY,NC,Open seat,S6NC00340,Senate,C
"NILSSON, ROBERT ANDERS MR",REPUBLICAN PARTY,NC,Open seat,S6NC00357,Senate,N
"NIXON, ANGELA",DEMOCRATIC PARTY,FL,Challenger,S6FL00830,Senate,C
"NORD, BILLY",DEMOCRATIC-FARMER-LABOR,MN,Open seat,S6MN00473,Senate,N
"NORMAN, RALPH",REPUBLICAN PARTY,SC,,S6SC04445,Senate,C
"NORRIS, JACKIE",DEMOCRATIC PARTY,IA,Open seat,S6IA00280,Senate,C
"OCONNELL, MELISSA MIRA",INDEPENDENT,NM,Challenger,S6NM01160,Senate,N
"ODE, FREDERICK J",DEMOCRATIC PARTY,OH,Challenger,S6OH00387,Senate,C
"OLIVER, BENTLEY",REPUBLICAN PARTY,SC,Challenger,S6SC04411,Senate,N
"ONYEJIAKA, DIANA",DEMOCRATIC PARTY,TN,Challenger,S0TN00193,Senate,N
"ORTEGA, JANUARIO MR.",REPUBLICAN PARTY,IL,Open seat,S6IL00573,Senate,N
"OSBORN, DAN",INDEPENDENT,NE,Challenger,S4NE00207,Senate,C
"OSSOFF, T. JONATHAN",DEMOCRATIC PARTY,GA,Incumbent,S8GA00180,Senate,C
"PALMER, ROBERT A MR",DEMOCRATIC PARTY,IL,Open seat,S6IL00524,Senate,N
"PAPPAS, CHRIS",DEMOCRATIC PARTY,NH,Open seat,S6NH00141,Senate,C
"PARELKAR, LOIS ANNE ELIZABETH LEA",DEMOCRATIC PARTY,KS,Challenger,S6KS00239,Senate,C
"PARKER, GLENDA GAIL",REPUBLICAN PARTY,SC,,S6SC04460,Senate,N
"PARVEZ, TARIQ",REPUBLICAN PARTY,PA,Challenger,S6PA00340,Senate,N
"PAXTON, WARREN KENNETH JR.",REPUBLICAN PARTY,TX,Challenger,S6TX00388,Senate,C
"PELLETIER, SAUNDRA",DEMOCRATIC PARTY,ME,,S6ME00498,Senate,N
"PELTOLA, MARY",DEMOCRATIC PARTY,AK,Challenger,S6AK00276,Senate,C
"PERKINS, JO RAE",REPUBLICAN PARTY,OR,Challenger,S4OR00156,Senate,C
"PERRY, NEELAM TANEJA DR",NO PARTY AFFILIATION,FL,Challenger,S6FL00780,Senate,N
"PERRY, NEELAM TANEJA DR",NO PARTY AFFILIATION,FL,Challenger,S6FL00764,Senate,N
"PERRY, NEELAM TANEJA DR",NO PARTY AFFILIATION,FL,Challenger,S6FL00772,Senate,N
"PETERSEN, RAYMOND DAVID",REPUBLICAN PARTY,MN,Open seat,S4MN00551,Senate,N
"PETERS, GARY",DEMOCRATIC PARTY,MI,Incumbent,S4MI00355,Senate,C
"PHILLIPS, RIO",INDEPENDENT,WV,Challenger,S6WV00170,Senate,C
"PILE, CHELSAE",REPUBLICAN PARTY,GA,Challenger,S6GA00440,Senate,N
"PILE, CHELSAE",REPUBLICAN PARTY,GA,Challenger,S6GA00432,Senate,N
"PINKINS, TY",INDEPENDENT,MS,Challenger,S4MS00187,Senate,C
"PITTMAN, JONATHAN",DEMOCRATIC PARTY,AR,Challenger,S6AR00165,Senate,N
"PLATNER, GRAHAM",DEMOCRATIC PARTY,ME,Challenger,S6ME00373,Senate,C
"POND, SEAN M.",CONSTITUTION PARTY,CO,Challenger,S6CO00515,Senate,C
"PRIEST, JIM",DEMOCRATIC PARTY,OK,Challenger,S6OK04197,Senate,C
"PULLIAM, ALANDER",INDEPENDENT,CA,Challenger,S6CA01053,Senate,N
"QUICK, ORRICK ROMAINE",DEMOCRATIC PARTY,NC,Open seat,S6NC00423,Senate,N
"RAGAIN, BRIAN MATTHEW",REPUBLICAN PARTY,OK,Challenger,S6OK04262,Senate,C
"RAM, MELANIE",DEMOCRATIC PARTY,CA,Challenger,S6CA01079,Senate,N
"RANDALL, JARED",DEMOCRATIC PARTY,KY,Open seat,S6KY00252,Senate,N
"RASNER, REID",REPUBLICAN PARTY,WY,Open seat,S4WY00162,Senate,C
"REDPATH, WILLIAM",LIBERTARIAN PARTY,OH,Challenger,S6OH00429,Senate,C
"REED, JOHN F.",DEMOCRATIC PARTY,RI,Incumbent,S6RI00163,Senate,C
"REEVES, BRYCE",REPUBLICAN PARTY,VA,Challenger,S6VA00176,Senate,C
"RENCH, PHILLIP",INDEPENDENT,ME,Challenger,S6ME00282,Senate,C
"REYNOLDS, JASON STEPHEN",DEMOCRATIC PARTY,VA,Challenger,S6VA00150,Senate,N
"RICH, TIMOTHY",UNAFFILIATED,ME,Challenger,S6ME00415,Senate,N
"RICKETTS, PETE",REPUBLICAN PARTY,NE,Incumbent,S6NE00129,Senate,C
"RIKLEEN, ALEXANDER",DEMOCRATIC PARTY,MA,Challenger,S6MA00254,Senate,C
"RISCH, JAMES E MR.",UNKNOWN,ID,Incumbent,S8ID00092,Senate,C
"RIVERA, ERNEST ERNIE JOHN REV. DR.",REPUBLICAN PARTY,FL,Challenger,S6FL00897,Senate,C
"RIVERA, NATALIE",INDEPENDENT,NJ,Challenger,S6NJ00396,Senate,N
"ROBERTS, REECE",NON-PARTY,AK,Challenger,S6AK00318,Senate,N
"ROBINSON, MICHAEL D",DEMOCRATIC PARTY,PA,Challenger,S6PA00373,Senate,N
"RODRIGUEZ, DAIRA",DEMOCRATIC PARTY,ME,Challenger,S6ME00365,Senate,C
"RODRIQUEZ, ADAIR",DEMOCRATIC PARTY,IL,Open seat,S6IL00631,Senate,N
"ROGERS, MICHAEL J",REPUBLICAN PARTY,MI,Open seat,S4MI00595,Senate,C
"ROMANS, DALE",DEMOCRATIC PARTY,KY,Open seat,S6KY00369,Senate,C
"ROSE, DAKOTA",DEMOCRATIC PARTY,OH,Challenger,S6OH00403,Senate,N
"ROTH, DAVID JORDAN",DEMOCRATIC PARTY,ID,Challenger,S6ID00138,Senate,C
"ROUNDS, MIKE",REPUBLICAN PARTY,SD,Incumbent,S4SD00049,Senate,C
"ROY, JOSHUA S",REPUBLICAN PARTY,ID,Challenger,S6ID00153,Senate,C
"RUOHO, MIKE",REPUBLICAN PARTY,MN,Open seat,S4MN00486,Senate,N
"RUSSELL, JAMES RICHARD MR III",DEMOCRATIC PARTY,AR,Challenger,S6AR00181,Senate,N
"RYAN, JACOB",DEMOCRATIC PARTY,OR,Challenger,S6OR05192,Senate,N
"RYAN, KEVIN",DEMOCRATIC PARTY,IL,Open seat,S6IL00581,Senate,C
"SAAL, MAXWELL LEAVY",DEMOCRATIC PARTY,NH,Open seat,S6NH00224,Senate,N
"SAGE, NATHAN",DEMOCRATIC PARTY,IA,Open seat,S6IA00256,Senate,C
"SANFORD, MARSHALL C HON.",REPUBLICAN PARTY,SC,,S6SC04452,Senate,C
"SASSE, BENJAMIN E.",REPUBLICAN PARTY,NE,Challenger,S4NE00090,Senate,C
"SCANLON, MICHAEL",DEMOCRATIC PARTY,CO,Challenger,S6CO00457,Senate,N
"SCHILLING, JOSEPH DAVID",OTHER,IL,Open seat,S6IL00417,Senate,N
"SCHMIDT, PATRICK",DEMOCRATIC PARTY,KS,Challenger,S6KS00288,Senate,C
"SCHMOKER, TONY",REPUBLICAN PARTY,TX,Challenger,S6TX00321,Senate,N
"SCHOLTEN, JAMES",DEMOCRATIC PARTY,IA,Open seat,S6IA00264,Senate,C
"SCHWARTZBERG, STEVEN J",,IL,Open seat,S6IL00698,Senate,C
"SCHWARZE, ADAM",REPUBLICAN PARTY,MN,Open seat,S6MN00457,Senate,C
"SCOTT, GENEVIEVE",REPUBLICAN PARTY,MI,Open seat,S6MI00434,Senate,C
"SEDLETSKY, PAUL",INDEPENDENT,SC,Challenger,S6SC04312,Senate,N
"SEIDEN, KATHY W",REPUBLICAN PARTY,LA,Challenger,S6LA00573,Senate,C
"SHAHEEN, JEANNE",DEMOCRATIC PARTY,NH,Incumbent,S0NH00219,Senate,C
"SHAH, NIRAV",DEMOCRATIC PARTY,ME,Challenger,S6ME00449,Senate,N
"SHELLEY, *ANDREW NICHOLAS",REPUBLICAN PARTY,KY,Open seat,S6KY00294,Senate,N
"SHEPHERD, JUMP WESLEY",DEMOCRATIC PARTY,IL,Open seat,S6IL00599,Senate,N
"SHERMAN, JASON",INDEPENDENCE PARTY,MI,Open seat,S6MI00533,Senate,N
"SHOFFNER, HALLIE",DEMOCRATIC PARTY,AR,Challenger,S6AR00199,Senate,C
"SHREWSBURY, ZACHARY C",DEMOCRATIC PARTY,WV,Challenger,S4WV00357,Senate,C
"SHULLI, JOHN",REPUBLICAN PARTY,DE,Challenger,S6DE00198,Senate,C
"SIBHATU, LICHIA WOLDEGABREAL",REPUBLICAN PARTY,NC,Open seat,S2NC00547,Senate,N
"SIMMONS, JADE",INDEPENDENT,TX,Challenger,S6TX00503,Senate,N
"SIMMONS, JADE",INDEPENDENT,TX,Challenger,S6TX00495,Senate,N
"SIMONETTI, MARISA",NON-PARTY,MN,Open seat,S6MN00481,Senate,N
"SIMS, DANIEL M",LIBERTARIAN PARTY,TX,,S6TX00586,Senate,C
"SIVALINGAM, TEJASINHA",REPUBLICAN PARTY,NH,Open seat,S6NH00133,Senate,N
"SKELTON, TIMOTHY WILLIAM",REPUBLICAN PARTY,OR,Challenger,S6OR05184,Senate,N
"SKOVGARD, JIMMY MR",REPUBLICAN PARTY,WY,Open seat,S6WY00191,Senate,C
"SKRMETTA, ERIC",REPUBLICAN PARTY,LA,Challenger,S6LA00672,Senate,C
"SMERIGLIO, DANIEL C",REPUBLICAN PARTY,ME,Challenger,S6ME00290,Senate,N
"SMITH, ANDREW SCOTT",REPUBLICAN PARTY,MS,Challenger,S6MS00125,Senate,N
"SMITH, ANTHONY J MR",INDEPENDENT,IL,Open seat,S6IL00441,Senate,N
"SMITH, BERNADETTE",REPUBLICAN PARTY,MI,Open seat,S6MI00517,Senate,C
"SMITH, C.L. CHUCK JR",REPUBLICAN PARTY,VA,Challenger,S4VA00197,Senate,C
"SMITH, DAVID BROCK",REPUBLICAN PARTY,OR,Challenger,S6OR05218,Senate,C
"SMITH, JOSHUA DANIEL",REPUBLICAN PARTY,IA,Open seat,S6IA00207,Senate,N
"SMITH, TINA",DEMOCRATIC PARTY,MN,Incumbent,S8MN00578,Senate,C
"SMITH, TOBY MR.",JEWISH/CHRISTIAN NATIONAL,NM,Challenger,S6NM01137,Senate,N
"SOETAERT, MICHAEL",DEMOCRATIC PARTY,KS,Challenger,S2KS00097,Senate,N
"SOLOMON, GAVIN",REPUBLICAN PARTY,NY,,S6NY00524,Senate,N
"SOLOMON, GAVIN",REPUBLICAN PARTY,NY,,S6NY00516,Senate,N
"SOLOMON, GAVIN",REPUBLICAN PARTY,NY,,S6NY00508,Senate,N
"SOLOMON, GAVIN",REPUBLICAN PARTY,NY,,S6NY00490,Senate,N
"SOLOMON, GAVIN",REPUBLICAN PARTY,NV,,S6NV00374,Senate,N
"SOLOMON, GAVIN",REPUBLICAN PARTY,NM,Challenger,S6NM01202,Senate,N
"SOLOMON, GAVIN",REPUBLICAN PARTY,IL,Open seat,S6IL00706,Senate,N
"SOLOMON, GAVIN",REPUBLICAN PARTY,OH,Challenger,S6OH00452,Senate,N
"SOLOMON, GAVIN",REPUBLICAN PARTY,NJ,,S6NJ00479,Senate,N
"SOLOMON, GAVIN",REPUBLICAN PARTY,NJ,Challenger,S6NJ00453,Senate,N
"SOLOMON, GAVIN",REPUBLICAN PARTY,HI,Challenger,S6HI00321,Senate,N
"SOLOMON, GAVIN",REPUBLICAN PARTY,GA,Challenger,S6GA00473,Senate,N
"SOLOMON, GAVIN",REPUBLICAN PARTY,WV,Challenger,S6WV00212,Senate,N
"SOLOMON, GAVIN",REPUBLICAN PARTY,WY,Challenger,S6WY00233,Senate,N
"SOLOMON, GAVIN",REPUBLICAN PARTY,OK,Challenger,S6OK04296,Senate,N
"SOLOMON, GAVIN",REPUBLICAN PARTY,OR,Challenger,S6OR05226,Senate,N
"SOLOMON, GAVIN",REPUBLICAN PARTY,FL,,S6FL00954,Senate,N
"SOLOMON, GAVIN",REPUBLICAN PARTY,PA,Challenger,S6PA00399,Senate,N
"SOLOMON, GAVIN",REPUBLICAN PARTY,FL,Challenger,S6FL00913,Senate,N
"SOLOMON, GAVIN",REPUBLICAN PARTY,NE,Challenger,S6NE00186,Senate,N
"SOLOMON, GAVIN",REPUBLICAN PARTY,RI,Challenger,S6RI00312,Senate,N
"SOLOMON, GAVIN",REPUBLICAN PARTY,RI,,S6RI00320,Senate,N
"SOLOMON, GAVIN",REPUBLICAN PARTY,ND,Challenger,S6ND00124,Senate,N
"SOLOMON, GAVIN",REPUBLICAN PARTY,NC,Open seat,S6NC00571,Senate,N
"SOLOMON, GAVIN",REPUBLICAN PARTY,WI,,S6WI00178,Senate,N
"SOLOMON, GAVIN",REPUBLICAN PARTY,WA,Challenger,S6WA00487,Senate,N
"SOLOMON, GAVIN",REPUBLICAN PARTY,MA,Challenger,S6MA00320,Senate,N
"SOLOMON, GAVIN",REPUBLICAN PARTY,MD,,S6MD03706,Senate,N
"SOLOMON, GAVIN",REPUBLICAN PARTY,DE,Challenger,S6DE00255,Senate,N
"SOLOMON, GAVIN",REPUBLICAN PARTY,DE,Challenger,S6DE00248,Senate,N
"SOLOMON, GAVIN",REPUBLICAN PARTY,DC,,S6DC00048,Senate,N
"SOLOMON, GAVIN",REPUBLICAN PARTY,DC,,S6DC00030,Senate,N
"SOLOMON, GAVIN",REPUBLICAN PARTY,DC,Challenger,S6DC00014,Senate,N
"SOLOMON, GAVIN",REPUBLICAN PARTY,CT,Challenger,S6CT05157,Senate,N
"SOLOMON, GAVIN",REPUBLICAN PARTY,SC,,S6SC04478,Senate,N
"SOLOMON, GAVIN",REPUBLICAN PARTY,CO,,S6CO00580,Senate,N
"SOLOMON, GAVIN",REPUBLICAN PARTY,CO,,S6CO00572,Senate,N
"SOLOMON, GAVIN",REPUBLICAN PARTY,VA,,S6VA00259,Senate,N
"SOLOMON, GAVIN",REPUBLICAN PARTY,ME,,S6ME00506,Senate,N
"SOLOMON, GAVIN",REPUBLICAN PARTY,CA,,S6CA01129,Senate,N
"SOLOMON, GAVIN",REPUBLICAN PARTY,TN,Challenger,S6TN00422,Senate,N
"SOLOMON, GAVIN",REPUBLICAN PARTY,CA,,S6CA01111,Senate,N
"SOLOMON, GAVIN",REPUBLICAN PARTY,MI,,S6MI00574,Senate,N
"SOLOMON, GAVIN",REPUBLICAN PARTY,AZ,Challenger,S6AZ00423,Senate,N
"SOLOMON, GAVIN",REPUBLICAN PARTY,AS,Challenger,S6AS00015,Senate,N
"SOLOMON, GAVIN",REPUBLICAN PARTY,MI,,S6MI00582,Senate,N
"SOLOMON, GAVIN",REPUBLICAN PARTY,AL,,S6AL00534,Senate,N
"SOLOMON, GAVIN",REPUBLICAN PARTY,MO,Challenger,S6MO00487,Senate,N
"SOLOMON, GAVIN",REPUBLICAN PARTY,MN,Open seat,S6MN00580,Senate,N
"SOLOMON, GAVIN",REPUBLICAN PARTY,TX,,S6TX00644,Senate,N
"SOLOMON, GAVIN",REPUBLICAN PARTY,AK,Challenger,S6AK00334,Senate,N
"SPENCER, MARK",REPUBLICAN PARTY,LA,Challenger,S6LA00698,Senate,C
"SPIDEL NEUMANN, SANDY",DEMOCRATIC PARTY,KS,Challenger,S6KS00262,Senate,C
"STANDRIDGE, JASON CLYDE MR.",AMERICAN PARTY,FL,Challenger,S6FL00574,Senate,N
"STEPHENS, THOMAS WAYNE",NO PARTY AFFILIATION,MI,Open seat,S6MI00509,Senate,N
"STEVENS, DENNIS GENE",DEMOCRATIC PARTY,PA,Challenger,S6PA00365,Senate,N
"STEVENS, DENNIS GENE MR",DEMOCRATIC PARTY,FL,Challenger,S6FL00707,Senate,N
"STEVENS, DENNIS GENE MR",DEMOCRATIC PARTY,FL,Challenger,S6FL00715,Senate,N
"STEVENS, HALEY",DEMOCRATIC PARTY,MI,Open seat,S6MI00426,Senate,C
"STEVENS, MAC",REPUBLICAN PARTY,NE,,S4NE00264,Senate,N
"STEVENSON, PAMELA",DEMOCRATIC PARTY,KY,Open seat,S6KY00211,Senate,C
"STEVENS, TRAVIS",DEMOCRATIC PARTY,DE,Challenger,S6DE00222,Senate,N
"STRATTON, JULIANA",DEMOCRATIC PARTY,IL,Open seat,S6IL00458,Senate,C
"STRUNGE, EDWARD IV",INDEPENDENT CONSERVATIVE DEMOCRATIC,SC,Challenger,S6SC04320,Senate,N
"SULLIVAN, DAN",REPUBLICAN PARTY,AK,Incumbent,S4AK00214,Senate,C
"SULLIVAN, DANIEL J",REPUBLICAN PARTY,AK,Challenger,S6AK00326,Senate,C
"SULLIVAN, JARED",DEMOCRATIC PARTY,NH,,S6NH00190,Senate,C
"SUNUNU, JOHN E",REPUBLICAN PARTY,NH,Open seat,S6NH00208,Senate,C
"SUTMAN, DAVID JR",INDEPENDENT,TN,Challenger,S6TN00398,Senate,C
"SWANN, CHRISTOPHER ALEXANDER",DEMOCRATIC PARTY,IL,Open seat,S6IL00409,Senate,C
"SWANSON, MICHAEL",DEMOCRATIC PARTY,TX,Challenger,S6TX00396,Senate,C
"SWEARENGIN, TAMMY",REPUBLICAN PARTY,OK,Challenger,S6OK04148,Senate,C
"SWEETSER, KYLE",DEMOCRATIC PARTY,AL,Open seat,S6AL00435,Senate,C
"TABOR, RICHARD JEROME SR",REPUBLICAN PARTY,NJ,Challenger,S6NJ00420,Senate,C
"TACHE, JOSEPH",OTHER,MA,Challenger,S6MA00288,Senate,C
"TAFOYA, MICHELE",REPUBLICAN PARTY,MN,Open seat,S6MN00556,Senate,C
"TALARICO, JAMES",DEMOCRATIC PARTY,TX,Challenger,S6TX00479,Senate,C
"TAMBORNINO, EDWARD HAROLD",UNAFFILIATED,MN,Open seat,S6MN00564,Senate,N
"TANEJA PERRY, NEELAM DR",REPUBLICAN PARTY,FL,Challenger,S6FL00871,Senate,N
"TATE, JOSEPH ALLEN",DEMOCRATIC PARTY,MI,Open seat,S6MI00459,Senate,C
"TAYLOR, NOAH",DEMOCRATIC PARTY,KS,Challenger,S6KS00296,Senate,C
"TEMPLE, ELIZABETH A.",REPUBLICAN PARTY,NC,,S6NC00548,Senate,N
"TEMPLE, RICK",REPUBLICAN PARTY,GA,Challenger,S6GA00309,Senate,N
"THOMAS, N'KIYLA JASMINE - ANN",DEMOCRATIC PARTY,OK,Challenger,S6OK04163,Senate,C
"THOMPSON, VINCENT ANTHONY",DEMOCRATIC PARTY,KY,Open seat,S6KY00310,Senate,N
"TILLIS, THOM R SEN",REPUBLICAN PARTY,NC,Incumbent,S4NC00162,Senate,C
"TILLMAN, JIMMY LEE II",REPUBLICAN PARTY,IL,Open seat,S2IL00234,Senate,N
"TILL, PRISCILLA WILLIAMS",DEMOCRATIC PARTY,MS,Challenger,S6MS00158,Senate,C
"TILL, PRISCILLA WILLIAMS",DEMOCRATIC PARTY,MS,Challenger,S6MS00141,Senate,C
"TOMAINI, GREGORY RICHARD COLONEL",DEMOCRATIC PARTY,NJ,Challenger,S6NJ00362,Senate,N
"TOULME, ALIX CHRISTOPHER MR. JR.",REPUBLICAN PARTY,FL,Challenger,S4FL00769,Senate,N
"TRACY, DON",REPUBLICAN PARTY,IL,Open seat,S6IL00615,Senate,C
"TRAKAS, ANDREW KYLE",REPUBLICAN PARTY,TX,Challenger,S6TX00529,Senate,N
"TRIMBLE, JACOB DANIEL",REPUBLICAN PARTY,KY,Open seat,S6KY00203,Senate,N
"TRUELSON, HANS",NONE,TX,Challenger,S6TX00487,Senate,N
"TUBERVILLE, THOMAS H",REPUBLICAN PARTY,AL,Incumbent,S0AL00230,Senate,C
"TUREK, JOSHUA",DEMOCRATIC PARTY,IA,Open seat,S6IA00298,Senate,C
"VINDMAN, ALEXANDER",DEMOCRATIC PARTY,FL,Challenger,S6FL00855,Senate,C
"VIRTS, TERRY",DEMOCRATIC PARTY,TX,Challenger,S6TX00412,Senate,C
"VOLPE, CHRISTOPHER",DEMOCRATIC PARTY,OH,Challenger,S6OH00346,Senate,N
"VOLPE, CHRISTOPHER",DEMOCRATIC PARTY,OH,Challenger,S6OH00353,Senate,N
"WADLIN, JEFFREY FRANCIS",LIBERTARIAN PARTY,AR,Challenger,S6AR00223,Senate,C
"WAHLS, ZACH P",DEMOCRATIC PARTY,IA,Open seat,S6IA00272,Senate,C
"WALKER, JABARIE",DEMOCRATIC PARTY,LA,Challenger,S6LA00631,Senate,N
"WALKER, JABARIE",DEMOCRATIC PARTY,LA,Challenger,S6LA00649,Senate,N
"WALKER, JABARIE",DEMOCRATIC PARTY,LA,Challenger,S6LA00623,Senate,N
"WALKER, RODNEY",REPUBLICAN PARTY,AL,Open seat,S6AL00468,Senate,C
"WALKINGCHILD, CHARLES SR",REPUBLICAN PARTY,MT,Open seat,S4MT00209,Senate,N
"WALLS-WINDHAUSER, ANGELA MARIE",REPUBLICAN PARTY,FL,Challenger,S6FL00442,Senate,N
"WARD III, JUSTIN HARVEY RANDOLPH",DEMOCRATIC PARTY,MD,,S6MD03680,Senate,N
"WARNER, MARK ROBERT",DEMOCRATIC PARTY,VA,Incumbent,S6VA00093,Senate,C
"WASHINGTON, WAYNE LONNY DR.",REPUBLICAN PARTY,OK,Challenger,S6OK04221,Senate,N
"WATERS, ALLEN",REPUBLICAN PARTY,RI,Challenger,S6RI00262,Senate,N
"WATKINS, VINSON L",REPUBLICAN PARTY,GA,Challenger,S6GA00283,Senate,N
"WEBB, ASHLEY JAMES",DEMOCRATIC PARTY,ME,Challenger,S6ME00480,Senate,N
"WEILER, TOM",REPUBLICAN PARTY,MN,Open seat,S6MN00515,Senate,C
"WEIL, JOSHUA",DEMOCRATIC PARTY,FL,Challenger,S2FL00466,Senate,C
"WEIL, JOSHUA JOSEPH",DEMOCRATIC PARTY,FL,Challenger,S6FL00756,Senate,C
"WENZEL, DONALD RAY",REPUBLICAN PARTY,KY,,S6KY00393,Senate,N
"WESS, EVERETT W",DEMOCRATIC PARTY,AL,Open seat,S6AL00518,Senate,C
"WHATLEY, MICHAEL",REPUBLICAN PARTY,NC,Open seat,S6NC00415,Senate,C
"WHEELER, MARK SHANNON MR II",DEMOCRATIC PARTY,AL,Open seat,S6AL00393,Senate,C
"WHITENER, KASIE DR.",LIBERTARIAN PARTY,SC,Challenger,S6SC04247,Senate,C
"WHITE, ROYCE",REPUBLICAN PARTY,MN,Open seat,S4MN00502,Senate,C
"WHITFIELD, DANIEL ALLEN",DEMOCRATIC PARTY,AR,Challenger,S0AR00218,Senate,N
"WHITING, REBECCA",LIBERTARIAN PARTY,MN,Open seat,S6MN00572,Senate,N
"WHITSON, CATHERINE BARCEL MS BARCY",INDEPENDENT,TN,Challenger,S6TN00414,Senate,N
"WILLETT, JOEL",DEMOCRATIC PARTY,KY,Open seat,S6KY00336,Senate,C
"WILLIAMS, DAVID EARL MR.",REPUBLICAN PARTY,VA,Challenger,S6VA00200,Senate,C
"WILLIAMS, JESSICA",DEMOCRATIC PARTY,CO,Challenger,S6CO00531,Senate,N
"WILLIAMS, MARCUS W.",DEMOCRATIC PARTY,NC,Open seat,S8NC00270,Senate,C
"WILLIAMS, PAULA STEPHEN MS",DEMOCRATIC PARTY,TX,Challenger,S6TX00537,Senate,N
"WILLIS, THOMAS EDWARD II",REPUBLICAN PARTY,WV,Challenger,S6WV00162,Senate,C
"WILLIS, VALERIE LEE",INDEPENDENT,MI,,S8MI00422,Senate,N
"WILSON, S. MARSHALL",CONSTITUTION PARTY,WV,,S6WV00204,Senate,N
"WINDHAUSER, ANGIE",REPUBLICAN PARTY,FL,Challenger,S6FL00814,Senate,N
"WITHROW, ADAM",UNITED PARTY,CO,Challenger,S6CO00564,Senate,N
"WOOD, JORDAN",DEMOCRATIC PARTY,ME,Challenger,S6ME00332,Senate,C
"WOOD, MATTHEW",INDEPENDENT,CO,Challenger,S6CO00432,Senate,N
"WRIGHT-MCDONALD, REECE",INDEPENDENT,SC,Challenger,S6SC04205,Senate,N
"WRIGHT-MCDONALD, REECE",REPUBLICAN PARTY,SC,,S6SC04429,Senate,N
"WYATT, DOC LEO DR",REPUBLICAN PARTY,TX,Challenger,S6TX00313,Senate,N
"WYATT, SAMUEL LEE MR.",REPUBLICAN PARTY,LA,Challenger,S6LA00532,Senate,C
"YEN, ERVIN STONE DR",DEMOCRATIC PARTY,OK,Challenger,S6OK04270,Senate,C
"YORK, MARK",REPUBLICAN PARTY,MN,Open seat,S6MN00549,Senate,C
"YOUNG, ALEEM MR",DEMOCRATIC PARTY,IN,Challenger,S6IN00274,Senate,N
"ZDAN, ALEX",REPUBLICAN PARTY,NJ,Challenger,S6NJ00412,Senate,C
"ZIMPFER, ANTHONY JACOB",DEMOCRATIC PARTY,CO,Challenger,S6CO00465,Senate,N
"ZOLLNER, TRAVIS JOSEPH",DEMOCRATIC PARTY,MI,Open seat,S6MI00483,Senate,N
