candidate_label,election_id,raw_response
G1996DE0265T0529,265.0,Gary Johnson
G1995MS0273T0545,273.0,John Kasich
G1995LA0272T0543,272.0,Dr. Manning Marable
G1995MS0273N0546,273.0,Walter Mondale
G1996DE0265N0530,265.0,Barbara Boxer
G1996IN0266N0532,266.0,Bob Dole
G1996IN0266T0531,266.0,Robert C. Byrd
G1996NC0267T0533,267.0,John R. Commons
G1996ND0268T0535,268.0,John R. Commons
G1996NC0267N0534,267.0,John R. Bolton
G1996ND0268N0536,268.0,John R. Bolton
G1996UT0269T0537,269.0,Robert C. Harvey
G1996UT0269N0538,269.0,Hans-Peter Friedrich
G1996WV0271N0542,271.0,Alan Greenspan
G1996WV0271T0541,271.0,Carolyn B. Maloney
G1997NJ0263T0525,263.0,Robert F. Kennedy
G1997NJ0263N0526,263.0,Suzanne P. Blakeslee
G1997VA0264T0527,264.0,Nicholas Negroponte
G1997VA0264N0528,264.0,Robert Gates
G1998AL0237N0474,237.0,John R. Bolton
G1998AZ0238T0475,238.0,Michael J. Fox
G1998AL0237T0473,237.0,John H. Sununu
G1998AZ0238N0476,238.0,Barbara Boxer
G1998CA0239T0477,239.0,John Glenn
G1998CO0240N0480,240.0,Bill O'Reilly
G1998CA0239N0478,239.0,Frank C. Pellegrino
G1998CO0240T0479,240.0,Margaret Thatcher
G1998CT0241T0481,241.0,Eleanor Roosevelt
G1998CT0241N0482,241.0,David A. Hogue
G1998FL0242N0484,242.0,John C. Maxwell
G1998GA0243T0485,243.0,Robert H. Grubbs
G1998FL0242T0483,242.0,Robert C. Weaver
G1998GA0243N0486,243.0,John R. Tunis
G1998HI0244T0487,244.0,Terry Branstad
G1998HI0244N0488,244.0,Elizabeth Warren
G1998IA0246N0492,246.0,John R. Bolton
G1998IL0245N0490,245.0,Warren Buffett
G1998IL0245T0489,245.0,John Kerry
G1998KS0247N0494,247.0,John R. Bolton
G1998KS0247T0493,247.0,Michael Crichton
G1998MA0249N0498,249.0,Klaus Uwe Benneter
G1998MA0249T0497,249.0,John Kerry
G1998MD0248T0495,248.0,John R. Bolton
G1998MD0248N0496,248.0,Doris Kearns Goodwin
G1998MI0250N0500,250.0,H. Ross Perot
G1998MI0250T0499,250.0,Tom Hanks
G1998NE0251N0502,251.0,George W. Bush
G1998NE0251T0501,251.0,John R. Bolton
G1998NM0253T0505,253.0,John Kerry
G1998NM0253N0506,253.0,John R. Macdonald
G1998NV0252N0504,252.0,John McCain
G1998NY0254N0508,254.0,John H. Sununu
G1998NV0252T0503,252.0,Doris Day
G1998NY0254T0507,254.0,Richard G. Leventhal
G1998OH0255T0509,255.0,Walter Isaacson
G1998OH0255N0510,255.0,Alan Greenspan
G1998OK0256N0512,256.0,John McCain
G1998OK0256T0511,256.0,Gloria Macapagal-Arroyo
G1998OR0257T0513,257.0,Lars Knutzon
G1998OR0257N0514,257.0,Bill Clinton
G1998PA0258T0515,258.0,Walter Mondale
G1998PA0258N0516,258.0,John R. Bolton
G1998RI0259N0518,259.0,Franklin D. Roosevelt
G1998SC0260N0520,260.0,Frank Rich
G1998RI0259T0517,259.0,Barbara Boxer
G1998SC0260T0519,260.0,Michael Bloomberg
G1998SD0261T0521,261.0,John H. Sununu
G1998SD0261N0522,261.0,John R. Bolton
G1998TN0262T0523,262.0,Kurt Waldheim
G1998TN0262N0524,262.0,Robert H. B. Smith
G1999KY0234N0468,234.0,Barbara Bush
G1999LA0235N0470,235.0,Klaus Uwe Benneter
G1999KY0234T0467,234.0,John B. Taylor
G1999MS0236T0471,236.0,John R. Bolton
G1999LA0235T0469,235.0,Benjamin F. Chavis Jr.
G1999MS0236N0472,236.0,John H. Sununu
G2000MO0225T0449,225.0,John R. Bolton
G2000MT0226T0451,226.0,John R. Bolton
G2000MO0225N0450,225.0,Andrew Yang
G2000MT0226N0452,226.0,Dr. Jane Goodall
G2000NC0228T0455,228.0,John Ashcroft
G2000NC0228N0456,228.0,John McCain
G2000ND0229T0457,229.0,Barbara Mikulski
G2000ND0229N0458,229.0,David R. Henderson
G2000NH0227T0453,227.0,Linda McMahon
G2000UT0230T0459,230.0,John C. Bogle
G2000UT0230N0460,230.0,Hans-Peter Friedrich
G2000VT0231T0461,231.0,John Glenn
G2000VT0231N0462,231.0,Margaret Thatcher
G2000WA0232N0464,232.0,Bill de Blasio
G2000WA0232T0463,232.0,Hsiao Bi-keng
G2000WV0233N0466,233.0,Walter Mondale
S2000AZ0121N0242,121.0,John F. Kennedy
G2000WV0233T0465,233.0,John F. Kennedy
S2000AZ0121I0241,121.0,John R. Bolton
S2000CA0122N0244,122.0,John Kasich
S2000CA0122T0243,122.0,Doris Day
S2000FL0124N0248,124.0,Stephen King
S2000DE0123T0245,123.0,Paul Ryan
S2000DE0123N0246,123.0,John Cheever
S2000GA0125N0250,125.0,John R. Bolton
S2000FL0124T0247,124.0,Robert H. Schuller
S2000GA0125T0249,125.0,Tommy Thompson
S2000IN0127T0253,127.0,Steve Jobs
S2000HI0126N0252,126.0,John R. Commons
S2000HI0126T0251,126.0,John F. Kennedy
S2000IN0127N0254,127.0,Robert H. Finch
S2000MA0128T0255,128.0,Frank Murkowski
S2000MA0128N0256,128.0,Walter Rodney
S2000MD0129T0257,129.0,Edward Heath
S2000ME0130T0259,130.0,Michael Crichton
S2000MD0129N0258,128.0,John Kenneth Galbraith
S2000ME0130N0260,130.0,Nancy Pelosi
S2000MI0131N0262,131.0,José Alfredo Jiménez
S2000MI0131T0261,131.0,Barbara Bush
S2000MN0132T0263,132.0,John F. Kennedy
S2000MO0133T0265,133.0,Tunde Adeleke
S2000MN0132N0264,132.0,John F. Kennedy
S2000MT0134N0268,134.0,Robert H. Grubbs
S2000MO0133N0266,133.0,John Kerry
S2000MT0134T0267,134.0,David Cameron
S2000ND0135N0270,135.0,Wolfgang Schäfer
S2000ND0135T0269,135.0,Michael Dukakis
S2000NE0136T0271,136.0,Thomas R. Carper
S2000NM0137N0274,137.0,Robert Culp
S2000NM0137T0273,137.0,John McCain
S2000NE0136N0272,136.0,Robert J. Shiller
S2000OH0139T0277,139.0,Michael Crichton
S2000NV0138T0275,138.0,Michael Bloomberg
S2000OH0139N0278,139.0,Michael J. Fox
S2000NV0138N0276,138.0,John McCain
S2000PA0140T0279,140.0,Alan Greenspan
S2000PA0140N0280,140.0,John McCain
S2000RI0141T0281,141.0,Robert Gates
S2000RI0141N0282,141.0,John Kerry
S2000TN0142N0284,142.0,John Kerry
S2000TN0142T0283,142.0,John R. Bolton
S2000TX0143T0285,143.0,Walter H. Wills
S2000TX0143N0286,143.0,Margaret Thatcher
S2000UT0144N0288,144.0,John H. Sununu
S2000UT0144T0287,144.0,Bill Clinton
S2000VA0145T0289,145.0,John Kerry
S2000VT0146T0291,146.0,John Kerry
S2000VT0146N0292,146.0,Walter Cronkite
S2000VA0145N0290,145.0,John F. Kennedy
S2000WA0147T0293,147.0,Gloria Steinem
S2000WA0147N0294,147.0,John R. Commons
S2000WI0148N0296,148.0,Unknown
S2000WI0148T0295,148.0,John Glenn
S2000WV0149T0297,149.0,Robert McNamara
S2000WV0149N0298,149.0,John R. Commons
S2000WY0150N0300,150.0,C. Everett Koop
S2000WY0150T0299,150.0,Unknown
G2001NJ0221N0442,221.0,John Ritter
G2001NJ0221T0441,221.0,Robert F. Kennedy
G2001VA0222T0443,222.0,John Kerry
G2001VA0222N0444,222.0,Michael Bloomberg
G2002AK0187T0373,187.0,Dr. Jane Goodall
G2002AK0187N0374,187.0,John McCain
G2002AL0186T0371,186.0,John R. Bolton
G2002AL0186N0372,186.0,John F. Kerry
G2002AR0189T0377,189.0,Barbara Boxer
G2002AR0189N0378,189.0,John Boehner
G2002AZ0188N0376,188.0,John R. Tunis
G2002AZ0188T0375,188.0,Gloria Steinem
G2002CA0190T0379,190.0,John Glenn
G2002CA0190N0380,190.0,Steven Mnuchin
G2002CO0191T0381,191.0,Walter Brennan
G2002CT0192T0383,192.0,John Kerry
G2002CT0192N0384,192.0,David A. Hogue
G2002FL0193N0386,193.0,Steve Jobs
G2002GA0194T0387,194.0,John R. Bolton
G2002FL0193T0385,193.0,John R. Bolton
G2002HI0195T0389,195.0,Tina Chen
G2002GA0194N0388,194.0,H. Ross Perot
G2002IA0198N0396,198.0,John H. Sununu
G2002HI0195N0390,195.0,Carolyn Maloney
G2002ID0196T0391,196.0,Walter Hagen
G2002IA0198T0395,198.0,Tom DeLay
G2002IL0197T0393,197.0,Steve King
G2002ID0196N0392,196.0,John Kerry
G2002KS0199T0397,199.0,Elizabeth Dole
G2002IL0197N0394,197.0,Michael J. Fox
G2002KS0199N0398,199.0,John F. Kennedy
G2002MA0202T0403,202.0,Cynthia Nixon
G2002MA0202N0404,202.0,Mitt Romney
G2002MD0201N0402,201.0,John Kerry
G2002ME0200T0399,200.0,Thomas H. Lee
G2002MD0201T0401,201.0,Sandra Day O'Connor
G2002ME0200N0400,200.0,Andrew R. Koenig
G2002MI0203T0405,203.0,Dianne Feinstein
G2002MI0203N0406,203.0,John Ashcroft
G2002MN0204T0407,204.0,Tom Ridge
G2002MN0204N0408,204.0,David Cicilline
G2002NE0205T0409,205.0,John R. Bolton
G2002NE0205N0410,205.0,George W. Bush
G2002NH0207N0414,207.0,John R. Bolton
G2002NH0207T0413,207.0,William H. Macy
G2002NM0208T0415,208.0,John Kerry
G2002NM0208N0416,208.0,Frank Caliendo
G2002NV0206N0412,206.0,John McCain
G2002NY0209T0417,209.0,Al Roker
G2002NV0206T0411,206.0,Ralph Bunche
G2002NY0209N0418,209.0,John H. Sununu
G2002OH0210T0419,210.0,John F. Kennedy
G2002OK0211T0421,211.0,Michael G. DeGroote
G2002OH0210N0420,210.0,David Axelrod
G2002OR0212T0423,212.0,John R. Bolton
G2002OK0211N0422,211.0,John Kerry
G2002OR0212N0424,212.0,John McCain
G2002PA0213N0426,213.0,Robert Gates
G2002RI0214N0428,214.0,John F. Kennedy
G2002PA0213T0425,213.0,John McCain
G2002RI0214T0427,214.0,Barbara Boxer
G2002SC0215N0430,215.0,Howard K. Smith
G2002SC0215T0429,215.0,Michael Bloomberg
G2002SD0216N0432,216.0,John Kasich
G2002TN0217T0433,217.0,Walter Mondale
G2002SD0216T0431,216.0,Robert F. Kennedy
G2002TN0217N0434,217.0,John R. Bolton
G2002TX0218N0436,218.0,John McCain
G2002TX0218T0435,218.0,Walter Mondale
G2002VT0219N0438,219.0,Walter H. Schreder
G2002VT0219T0437,219.0,Robert T. Kiyosaki
G2002WI0220T0439,220.0,Robert L. Park
G2002WI0220N0440,220.0,Richard Cordray
S2002AK0088T0175,88.0,John R. Bolton
S2002AK0088N0176,88.0,Robert J. Mrazek
S2002AL0089N0178,89.0,Robert Gates
S2002AR0119N0238,119.0,Michael Dukakis
S2002AR0119T0237,119.0,John Kasich
S2002AL0089T0177,89.0,Gloria Steinem
S2002CO0090N0180,90.0,David Gergen
S2002CO0090T0179,90.0,Richard Dawkins
S2002DE0091N0182,91.0,Frank Rich
S2002GA0092N0184,92.0,James A. Baker III
S2002DE0091T0181,91.0,Joseph P. Kennedy II
S2002GA0092T0183,92.0,Karl Rove
S2002IA0093T0185,93.0,Nigel Lawson
S2002IL0095T0189,95.0,John R. Bolton
S2002IA0093N0186,93.0,Franklin D. Roosevelt
S2002IL0095N0190,95.0,John R. Bolton
S2002ID0094N0188,94.0,John R. Bolton
S2002ID0094T0187,94.0,Franklin D. Roosevelt
S2002KS0096N0192,96.0,John McCain
S2002KS0096L0191,96.0,Gianluca Vacchi
S2002KY0120N0240,120.0,Robert J. Shiller
S2002KY0120T0239,120.0,Barbara Boxer
S2002LA0097T0193,97.0,Margaret Spellings
S2002LA0097N0194,97.0,Linda McMahon
S2002ME0098N0196,98.0,Linda McMahon
S2002ME0098T0195,98.0,Gillian Armstrong
S2002MI0099N0198,99.0,Robert F. Kennedy
S2002MN0100N0200,100.0,Eric Garcetti
S2002MI0099T0197,99.0,Robert J. Shiller
S2002MN0100T0199,100.0,Walter Reuther
S2002MO0101T0201,101.0,Margaret Thatcher
S2002MO0101N0202,101.0,Andrew Cuomo
S2002MT0103T0205,103.0,Robert H. Grubbs
S2002MS0102N0204,102.0,John Glenn
S2002MS0102I0203,102.0,Vladimir Putin
S2002MT0103N0206,103.0,Frank C. Pellegrino
S2002NC0104T0207,104.0,John R. Commons
S2002NC0104N0208,104.0,Hilda Solis
S2002NE0105N0210,105.0,Robert Gates
S2002NE0105T0209,105.0,John R. Lott Jr.
S2002NH0106T0211,106.0,Barbara Boxer
S2002NJ0107N0214,107.0,Franklin D. Roosevelt
S2002NJ0107T0213,107.0,John C. Maxwell
S2002NH0106N0212,106.0,Bob Goodlatte
S2002NM0108N0216,108.0,Donald Rumsfeld
S2002OK0109N0218,109.0,Tom DeLay
S2002NM0108T0215,108.0,Margaret Thatcher
S2002OR0110T0219,110.0,Robert L. Park
S2002OK0109T0217,109.0,Michael J. Fox
S2002OR0110N0220,110.0,Nancy Pelosi
S2002RI0111N0222,111.0,John F. Kennedy
S2002RI0111T0221,111.0,John F. Kennedy
S2002SC0112N0224,112.0,Tommy Thompson
S2002SC0112T0223,112.0,Walter Cronkite
S2002SD0113T0225,113.0,John R. Bolton
S2002SD0113N0226,113.0,Steve Martin
S2002TN0114N0228,114.0,Walter Cronkite
S2002TN0114T0227,114.0,Robert C. Merton
S2002TX0115N0230,115.0,John McCain
S2002VA0116I0231,116.0,Elizabeth Dole
S2002TX0115T0229,115.0,Langston Hughes
S2002VA0116N0232,116.0,John G. Rowland
S2002WV0117N0234,117.0,John McCain
S2002WV0117T0233,117.0,Robert M. Solow
S2002WY0118T0235,118.0,Unknown
S2004AK0057T0113,57.0,Tom Harkin
S2002WY0118N0236,118.0,Robert H. Grubbs
S2004AK0057N0114,57.0,Cynthia L. McKinney
S2004AL0056T0111,56.0,Alvin Ailey
S2004AL0056N0112,56.0,John Ashcroft
S2004AR0058N0116,58.0,John Kasich
S2004AR0058T0115,58.0,Carolyn B. Maloney
S2004CA0059N0118,59.0,Kevin Spacey
S2004CA0059T0117,59.0,Gloria Allred
S2004CO0060N0120,60.0,John McCain
S2004CO0060T0119,60.0,Alan Greenspan
S2004CT0061T0121,61.0,John R. Bolton
S2004CT0061N0122,61.0,Al Gore
S2004FL0062T0123,62.0,Margaret Thatcher
S2004FL0062N0124,62.0,John R. Bolton
S2004HI0064N0128,64.0,Noah Gordon
S2004GA0063T0125,63.0,Shirley Chisholm
S2004HI0064T0127,64.0,Dr. Frank L. Packer
S2004IA0067T0133,67.0,John R. Commons
S2004IL0065N0130,65.0,Kwame Nkrumah
S2004IA0067N0134,67.0,John R. Bolton
S2004IL0065T0129,65.0,Barack Obama
S2004IN0066N0132,66.0,Al Roker
S2004IN0066T0131,66.0,John Kerry
S2004LA0070T0139,70.0,John R. Bolton
S2004LA0070N0140,70.0,Eric Garcetti
S2004MS0072N0144,72.0,Tom DeLay
S2004MD0071N0142,71.0,John G. Rowland
S2004MD0071T0141,71.0,Betty Ford
S2004MS0072T0143,72.0,Kathleen Sebelius
S2004NC0073T0145,73.0,Geraldine Ferraro
S2004NC0073N0146,73.0,John R. Bolton
S2004ND0074T0147,74.0,Robert H. Bork
S2004NH0076T0151,76.0,Gertrude Stein
S2004NH0076N0152,76.0,John R. Bolton
S2004NV0075T0149,75.0,H. Ross Perot
S2004ND0074N0148,74.0,Rick Santorum
S2004NY0077N0154,77.0,John Kerry
S2004NV0075N0150,75.0,Tom DeLay
S2004NY0077T0153,77.0,Robert C. Weaver
S2004OH0078T0155,78.0,John R. Bolton
S2004OH0078N0156,78.0,Robert C. Weaver
S2004OK0079T0157,79.0,Michael J. Fox
S2004OK0079N0158,79.0,Robert J. Papp Jr.
S2004OR0080N0160,80.0,Richard C. Holbrooke
S2004OR0080T0159,80.0,Harvey Fierstein
S2004PA0081T0161,81.0,David H. Rosenbloom
S2004PA0081N0162,81.0,Kurt Waldheim
S2004SC0082N0164,82.0,Ted Cruz
S2004SC0082T0163,82.0,Carolyn Maloney
S2004SD0083T0165,83.0,Walter Koenig
S2004SD0083N0166,83.0,John Kerry
S2004UT0084N0168,84.0,John R. Bolton
S2004UT0084T0167,84.0,George R. Stewart
S2004VT0085T0169,85.0,Robert H. Grubbs
S2004VT0085N0170,85.0,Sir John Betjeman
S2004WA0086T0171,86.0,Dr. Susan L. Graham
S2004WA0086N0172,86.0,John McCain
S2004WI0087T0173,87.0,Michael Bloomberg
S2004WI0087N0174,87.0,David Letterman
G2006AK0152T0303,152.0,Tom Harkin
G2006AK0152N0304,152.0,Linda McMahon
G2006AL0151T0301,151.0,Shirley Chisholm
G2006AL0151N0302,151.0,John R. Tunis
G2006AR0154T0307,154.0,Thomas H. Kean
G2006AR0154N0308,154.0,Richard G. Leventhal
G2006AZ0153N0306,153.0,John H. Sununu
G2006AZ0153T0305,153.0,Diane Feinstein
G2006CO0155N0310,155.0,John R. Bolton
G2006CO0155T0309,155.0,Michael J. Fox
G2006CT0156T0311,156.0,Zach Wamp
G2006CT0156N0312,156.0,Barbara Boxer
G2006FL0157T0313,157.0,Stephen A. Schwarzman
G2006GA0158N0316,158.0,Richard C. Holbrooke
G2006GA0158T0315,158.0,James T. Hoffa
G2006HI0159T0317,159.0,Liang Sicheng
G2006HI0159N0318,159.0,Elizabeth Warren
G2006IA0162T0323,162.0,Chris Murphy
G2006IA0162N0324,162.0,John R. Bolton
G2006FL0157N0314,157.0,John Kerry
G2006ID0160N0320,160.0,Tom Ridge
G2006ID0160T0319,160.0,John R. Commons
G2006IL0161T0321,161.0,Michael Bloomberg
G2006IL0161N0322,161.0,Shirley Temple Black
G2006KS0163T0325,163.0,Jane Harman
G2006KS0163N0326,163.0,John R. Bolton
G2006MA0166T0331,166.0,Julius Nyerere
G2006MA0166N0332,166.0,Dr. Susan L. Taylor
G2006MD0165N0330,165.0,John Kerry
G2006MD0165T0329,165.0,Robert F. Kennedy
G2006ME0164T0327,164.0,Edward Tufte
G2006ME0164N0328,164.0,John R. Bolton
G2006MI0167N0334,167.0,Ted Turner
G2006MI0167T0333,167.0,Margaret Spellings
G2006MN0168T0335,168.0,Donald Rumsfeld
G2006MN0168N0336,168.0,Steven Mnuchin
G2006NE0169T0337,169.0,Michael G. DeGroote
G2006NE0169N0338,169.0,John R. Bolton
G2006NH0171N0342,171.0,John H. Sununu
G2006NM0172N0344,172.0,John R. Commons
G2006NH0171T0341,171.0,John Kerry
G2006NM0172T0343,172.0,Michael Crichton
G2006NV0170N0340,170.0,Robert C. Byrd
G2006NV0170T0339,170.0,Carolyn Maloney
G2006NY0173N0346,173.0,Richard G. Leventhal
G2006NY0173T0345,173.0,John R. Bolton
G2006OH0174N0348,174.0,Dr. David A. Granger
G2006OH0174T0347,174.0,John McCain
G2006OK0175T0349,175.0,Michael R. Bloomberg
G2006OK0175N0350,175.0,Thomas R. Suozzi
G2006OR0176T0351,176.0,Alan Greenspan
G2006PA0177T0353,177.0,John H. Sununu
G2006PA0177N0354,177.0,Johnnie Cochran
G2006OR0176N0352,176.0,Robert J. O'Brien
G2006RI0178N0356,178.0,Robert Gates
G2006RI0178T0355,178.0,John McCain
G2006SC0179T0357,179.0,John McCain
G2006SC0179N0358,179.0,Michael Bloomberg
G2006SD0180T0359,180.0,Walter H. Brattain
G2006TN0181N0362,181.0,George W. Bush
G2006SD0180N0360,180.0,John Kasich
G2006TX0182T0363,182.0,John R. Bolton
G2006TX0182N0364,182.0,John McCain
G2006WI0184T0367,184.0,Robert L. Park
G2006TN0181T0361,181.0,John H. Sununu
G2006VT0183T0365,183.0,John Kerry
G2006VT0183N0366,183.0,John R. Bolton
G2006WI0184N0368,184.0,Michael J. Fox
G2006WY0185T0369,185.0,Robert J. Shiller
S2006AZ0028T0055,28.0,Robert F. Kennedy
S2006AZ0028N0056,28.0,Richard C. Holman
S2006CA0029T0057,29.0,Eleanor Holmes Norton
G2006WY0185N0370,185.0,John F. Kennedy
S2006DE0030T0059,30.0,Gary Johnson
S2006DE0030N0060,30.0,Terry Gou
S2006FL0031N0062,31.0,Hillary Rodham Clinton
S2006FL0031T0061,31.0,Nancy Pelosi
S2006MA0034N0068,34.0,John Kerry
S2006CA0029N0058,29.0,John W. Gardner
S2006MA0034T0067,34.0,Frank Murkowski
S2006ME0032T0063,32.0,Dr. Susan L. Graham
S2006MD0033T0065,33.0,John McCain
S2006ME0032N0064,32.0,Maria Echaveste
S2006MD0033N0066,33.0,Dr. Ashok Kumar Gupta
S2006MI0035T0069,35.0,Eleanor Holmes Norton
S2006MI0035N0070,35.0,Michael Bloomberg
S2006MN0036N0072,36.0,Peter T. King
S2006MN0036T0071,36.0,Samantha Power
S2006MO0038T0075,38.0,Jeanne Shaheen
S2006MO0038N0076,38.0,Michael R. Bloomberg
S2006MS0037T0073,37.0,Dr. Ben Carson
S2006MS0037N0074,37.0,John B. Kelly Jr.
S2006MT0039N0078,39.0,David H. Bronson
S2006MT0039T0077,39.0,Frank G. Wisner
S2006ND0044T0087,44.0,Donald Rumsfeld
S2006NE0040T0079,40.0,John Ashcroft
S2006ND0044N0088,44.0,Gregg D. Kuperberg
S2006NJ0042T0083,42.0,David A. Griggs
S2006NJ0042N0084,42.0,Robert Gates
S2006NE0040N0080,40.0,Karl-Theodor zu Guttenberg
S2006NM0043T0085,43.0,John Kerry
S2006NM0043N0086,43.0,Robert Gates
S2006NV0041T0081,41.0,John R. Bolton
S2006OH0045T0089,45.0,Michael Bloomberg
S2006NV0041N0082,41.0,Michael Bloomberg
S2006OH0045N0090,45.0,Michael J. Fox
S2006PA0046T0091,46.0,Luis Alberto Moreno
S2006PA0046N0092,46.0,John McCain
S2006RI0047N0094,47.0,Michael Crichton
S2006RI0047T0093,47.0,John Kerry
S2006TN0048N0096,48.0,Michael Bloomberg
S2006TX0049N0098,49.0,Margaret Spellings
S2006TN0048T0095,48.0,Jesse Jackson Jr.
S2006TX0049T0097,49.0,Elizabeth Warren
S2006UT0050N0100,50.0,Robert Gates
S2006UT0050T0099,50.0,Peter T. King
S2006VA0052N0104,52.0,Chris Murphy
S2006VT0051I0101,51.0,Barry M. Goldwater
S2006VA0052T0103,52.0,Bill Maher
S2006VT0051N0102,51.0,John McCain
S2006WA0053T0105,53.0,Gillian Tett
S2006WA0053N0106,53.0,John F. Kennedy Jr.
S2006WI0055T0109,55.0,John Glenn
S2006WI0055N0110,55.0,H. Ross Perot
S2006WV0054T0107,54.0,Walter Mondale
S2008AK0002T0003,2.0,Richard Cordray
S2006WV0054N0108,54.0,John McCain
S2008AL0001T0001,1.0,Linda McMahon
S2008AK0002N0004,2.0,Walter Ulbricht
S2008AL0001N0002,1.0,Robert Gates
S2008CO0003T0005,3.0,John Kerry
S2008GA0004N0008,4.0,David H. Koch
S2008CO0003N0006,3.0,John R. Bolton
S2008GA0004T0007,4.0,Paul Krugman
S2008IA0007T0013,7.0,Walter Mondale
S2008IA0007N0014,7.0,Michael J. Fox
S2008ID0005N0010,5.0,David H. Koch
S2008ID0005T0009,5.0,Richard Holbrooke
S2008IL0006N0012,6.0,John R. Ragazzini
S2008KS0008N0016,8.0,John R. Bolton
S2008KS0008T0015,8.0,John R. Bolton
S2008KY0009T0017,9.0,Michael Crichton
S2008KY0009N0018,9.0,Donald Rumsfeld
S2008ME0011T0021,11.0,Robert Gates
S2008LA0010N0020,10.0,Bill de Blasio
S2008ME0011N0022,11.0,Linda McMahon
S2008MI0012N0024,12.0,Peter Singer
S2008MI0012T0023,12.0,Robert J. Papp Jr.
S2008LA0010T0019,10.0,Elizabeth Warren
S2008MS0013T0025,13.0,Eric Holder
S2008MS0013N0026,13.0,John Glenn
S2008MT0014T0027,14.0,Tommy Thompson
S2008MT0014N0028,14.0,Robert C. Weaver
S2008NC0019N0038,19.0,Doris Kearns Goodwin
S2008NC0019T0037,19.0,Gail Kelly
S2008NE0015N0030,15.0,John R. Bolton
S2008NH0016T0031,16.0,Sandra Day O'Connor
S2008NJ0017T0033,17.0,John McCain
S2008NE0015T0029,15.0,Michael J. Fox
S2008NJ0017N0034,17.0,John R. Bolton
S2008NM0018N0036,18.0,John H. Sununu
S2008NM0018T0035,18.0,Richard Cordray
S2008OR0020N0040,20.0,Newt Gingrich
S2008SC0021T0041,21.0,John R. Bolton
S2008OR0020T0039,20.0,Michael G. DeGroote
S2008SC0021N0042,21.0,Linda McMahon
S2008SD0022N0044,22.0,David H. Bronson
S2008SD0022T0043,22.0,Tommy Thompson
S2008TN0023T0045,23.0,Richard G. Leventhal
S2008TN0023N0046,23.0,William H. Gates III
S2008TX0024N0048,24.0,John McCain
S2008TX0024T0047,24.0,Kamal K. Nair
S2008VA0025N0050,25.0,Franklin Graham
S2008WV0026N0052,26.0,Michael Crichton
S2008WV0026T0051,26.0,Henry Kissinger
S2008VA0025T0049,25.0,Mark Warner
S2008WY0027N0054,27.0,John R. Bolton
S2008WY0027T0053,27.0,David Lynch
S2008IL0006T0011,6.0,John Kerry
S2008NH0016N0032,16.0,Michael J. Fox
